player_id,registered_at,country_code,platform_registered_on,acquisition_channel,acquisition_campaign_id,birth_year,email,marketing_opt_in,account_status,last_login_at,_loaded_at
P001,2025-08-16 12:59:42,US,android,store_featured,CMP003,2008,player001@example.com,True,banned,2025-11-25 18:23:25,2026-08-05 06:00:00
P002,2025-08-16 12:46:46,DE,ios,organic,,1997,player002@example.com,True,banned,2026-02-14 07:27:55,2026-08-05 06:00:00
P003,2025-08-22 23:34:27,DE,xbox,influencer,CMP002,1995,player003@example.com,True,dormant,2026-06-16 21:48:26,2026-08-05 06:00:00
P004,2025-08-15 22:58:23,GB,android,organic,,1992,player004@example.com,False,churned,2026-02-26 20:41:30,2026-08-05 06:00:00
P005,2025-08-17 13:22:04,CA,steam,cross_promo,CMP006,1984,player005@example.com,False,dormant,2026-06-23 10:07:01,2026-08-05 06:00:00
P006,2025-08-23 23:31:33,US,steam,influencer,CMP002,1995,player006@example.com,True,churned,2025-12-26 16:24:12,2026-08-05 06:00:00
P007,2025-08-18 09:05:36,JP,steam,organic,,2004,player007@example.com,False,churned,2025-08-19 10:42:18,2026-08-05 06:00:00
P008,2025-08-27 20:03:04,DE,ios,store_featured,CMP003,1991,player008@example.com,False,churned,2026-04-01 20:44:35,2026-08-05 06:00:00
P009,2025-08-07 12:42:16,GB,switch,influencer,CMP002,1982,player009@example.com,True,dormant,2026-06-16 08:09:33,2026-08-05 06:00:00
P010,2025-08-03 17:47:17,US,ios,organic,,1984,player010@example.com,False,churned,2026-02-25 12:57:04,2026-08-05 06:00:00
P011,2025-09-05 12:06:52,GB,android,influencer,CMP005,1986,player011@example.com,False,churned,2025-09-09 11:46:59,2026-08-05 06:00:00
P012,2025-09-17 09:49:07,DE,ios,Paid Social,CMP001,1998,player012@example.com,False,active,2026-08-04 20:41:19,2026-08-05 06:00:00
P013,2025-09-19 21:31:11,DE,switch,Paid Social,CMP004,1999,player013@example.com,True,churned,2025-11-22 09:31:32,2026-08-05 06:00:00
P014,2025-09-14 15:39:45,GB,steam,influencer,CMP005,1976,player014@example.com,False,churned,2025-09-27 09:20:24,2026-08-05 06:00:00
P015,2025-09-19 18:12:02,DE,steam,paid_social,CMP007,1996,player015@example.com,True,active,2026-07-26 14:43:29,2026-08-05 06:00:00
P016,2025-09-19 19:43:34,US,ios,organic,,1989,player016@example.com,True,churned,2026-02-11 22:55:08,2026-08-05 06:00:00
P017,2025-09-26 08:22:06,GB,switch,cross_promo,CMP006,1993,player017@example.com,False,churned,2025-09-26 20:24:44,2026-08-05 06:00:00
P018,2025-09-06 12:38:55,MX,steam,influencer,CMP002,2005,player018@example.com,True,churned,2026-03-16 15:11:30,2026-08-05 06:00:00
P019,2025-09-01 16:02:30,DE,switch,store_featured,CMP003,1987,player019@example.com,True,churned,2025-09-02 20:21:29,2026-08-05 06:00:00
P020,2025-09-12 20:18:17,US,xbox,organic,,2005,player020@example.com,True,churned,2025-12-24 12:11:14,2026-08-05 06:00:00
P021,2025-10-15 03:34:14,BR,android,paid_social,CMP001,1985,player021@example.com,True,churned,2025-10-20 06:43:43,2026-08-05 06:00:00
P022,2025-10-19 11:54:34,BR,ios,organic,,1984,player022@example.com,True,churned,2026-03-10 17:01:36,2026-08-05 06:00:00
P023,2025-10-11 17:56:48,CA,ios,organic,,1975,player023@example.com,True,churned,2025-10-19 15:30:20,2026-08-05 06:00:00
P024,2025-10-06 11:47:03,US,ios,organic,,1989,player024@example.com,True,churned,2025-12-14 04:57:03,2026-08-05 06:00:00
P025,2025-10-15 17:06:03,US,switch,organic,,1975,player025@example.com,True,active,2026-07-22 05:54:42,2026-08-05 06:00:00
P026,2025-10-14 16:15:46,US,steam,organic,,1978,player026@example.com,True,churned,2025-10-25 10:25:23,2026-08-05 06:00:00
P027,2025-10-13 18:12:18,GB,switch,organic,,2007,player027@example.com,True,churned,2025-11-07 21:28:25,2026-08-05 06:00:00
P028,2025-10-13 16:02:47,US,android,cross_promo,CMP006,1989,player028@example.com,False,active,2026-07-29 11:10:05,2026-08-05 06:00:00
P029,2025-10-23 06:56:56,DE,xbox,organic,,2007,player029@example.com,True,dormant,2026-06-11 08:04:33,2026-08-05 06:00:00
P030,2025-10-21 20:59:49,CA,switch,store_featured,CMP008,1978,player030@example.com,False,active,2026-08-04 06:32:42,2026-08-05 06:00:00
P031,2025-11-14 21:46:32,DE,playstation,organic,,1977,player031@example.com,True,churned,2025-11-18 21:38:13,2026-08-05 06:00:00
P032,2025-11-24 11:48:00,AU,steam,store_featured,CMP003,2006,player032@example.com,True,churned,2025-12-21 13:31:13,2026-08-05 06:00:00
P033,2025-11-07 17:41:28,MX,steam,organic,,1975,player033@example.com,True,churned,2025-11-12 19:01:35,2026-08-05 06:00:00
P034,2025-11-15 18:10:47,US,steam,organic,,1977,player034@example.com,False,active,2026-07-15 17:45:49,2026-08-05 06:00:00
P035,2025-11-22 20:48:06,US,ios,organic,,1984,player035@example.com,False,churned,2025-12-19 03:51:56,2026-08-05 06:00:00
P036,2025-11-15 20:06:57,GB,switch,store_featured,CMP003,2001,player036@example.com,True,churned,2025-11-21 13:11:08,2026-08-05 06:00:00
P037,2025-11-23 17:12:12,KR,ios,organic,,2005,player037@example.com,False,active,2026-07-11 10:22:49,2026-08-05 06:00:00
P038,2025-11-03 09:38:36,US,steam,organic,,1980,player038@example.com,True,churned,2025-12-18 17:46:51,2026-08-05 06:00:00
P039,2025-11-18 15:17:14,US,android,organic,,1992,player039@example.com,True,churned,2026-03-01 20:59:22,2026-08-05 06:00:00
P040,2025-11-26 02:26:00,US,xbox,paid_social,CMP004,1997,player040@example.com,True,churned,2025-11-30 14:48:54,2026-08-05 06:00:00
P041,2025-12-19 12:42:34,GB,android,paid_social,CMP007,2006,player041@example.com,False,churned,2025-12-25 04:01:54,2026-08-05 06:00:00
P042,2025-12-12 23:53:55,US,ios,paid_social,CMP004,1987,player042@example.com,True,churned,2025-12-20 21:47:48,2026-08-05 06:00:00
P043,2025-12-24 01:05:22,AU,steam,organic,,1977,player043@example.com,True,churned,2026-01-05 18:36:17,2026-08-05 06:00:00
P044,2025-12-05 20:51:34,US,android,organic,,2004,player044@example.com,True,churned,2026-04-26 16:21:43,2026-08-05 06:00:00
P045,2025-12-08 21:33:34,DE,android,store_featured,CMP003,1973,player045@example.com,False,active,2026-08-02 17:44:21,2026-08-05 06:00:00
P046,2025-12-07 01:37:19,US,switch,influencer,CMP005,1983,player046@example.com,True,churned,2025-12-18 08:08:03,2026-08-05 06:00:00
P047,2025-12-14 10:08:46,US,xbox,store_featured,CMP003,1979,player047@example.com,True,churned,2025-12-14 19:57:41,2026-08-05 06:00:00
P048,2025-12-25 20:06:42,BR,steam,organic,,1984,player048@example.com,True,churned,2025-12-28 21:17:20,2026-08-05 06:00:00
P049,2025-12-24 01:14:00,GB,steam,paid_social,CMP007,2000,player049@example.com,False,churned,2025-12-29 20:40:26,2026-08-05 06:00:00
P050,2025-12-19 22:06:12,JP,android,organic,,1984,player050@example.com,True,churned,2026-01-15 12:40:23,2026-08-05 06:00:00
P051,2026-01-04 12:57:59,US,ios,influencer,CMP005,1972,player051@example.com,True,active,2026-07-20 07:53:08,2026-08-05 06:00:00
P052,2026-01-10 22:21:13,US,ios,paid_social,CMP004,1993,player052@example.com,True,churned,2026-01-18 18:01:10,2026-08-05 06:00:00
P053,2026-01-21 16:53:34,DE,switch,paid_social,CMP004,2004,player053@example.com,True,churned,2026-01-27 12:12:13,2026-08-05 06:00:00
P054,2026-01-20 20:42:38,GB,steam,paid_social,CMP007,1995,player054@example.com,False,churned,2026-01-21 18:49:47,2026-08-05 06:00:00
P055,2026-01-15 18:25:30,KR,android,cross_promo,CMP006,1973,player055@example.com,False,churned,2026-01-20 14:09:31,2026-08-05 06:00:00
P056,2026-01-10 19:49:48,US,android,paid_social,CMP001,1998,player056@example.com,True,churned,2026-01-10 23:09:48,2026-08-05 06:00:00
P057,2026-01-27 10:39:15,US,ios,cross_promo,CMP006,2003,player057@example.com,True,churned,2026-02-02 14:40:52,2026-08-05 06:00:00
P058,2026-01-25 14:12:08,US,ios,paid_social,CMP007,1999,player058@example.com,True,churned,2026-01-29 13:14:47,2026-08-05 06:00:00
P059,2026-01-15 18:00:14,US,steam,cross_promo,CMP006,1986,player059@example.com,True,churned,2026-04-17 23:35:01,2026-08-05 06:00:00
P060,2026-01-07 19:05:43,US,xbox,paid_social,CMP007,1981,player060@example.com,True,dormant,2026-06-28 20:19:40,2026-08-05 06:00:00
P061,2026-02-21 14:15:20,JP,steam,paid_social,CMP001,1997,player061@example.com,True,active,2026-07-15 19:53:37,2026-08-05 06:00:00
P062,2026-02-26 21:15:01,US,ios,organic,,1987,player062@example.com,True,churned,2026-03-04 17:27:20,2026-08-05 06:00:00
P063,2026-02-10 14:35:18,JP,ios,organic,,1990,player063@example.com,False,active,2026-08-02 09:31:36,2026-08-05 06:00:00
P064,2026-02-21 08:48:28,US,ios,paid_social,CMP007,1999,player064@example.com,False,churned,2026-03-03 12:25:31,2026-08-05 06:00:00
P065,2026-02-24 00:36:11,US,switch,influencer,CMP002,1972,player065@example.com,True,churned,2026-02-26 14:05:31,2026-08-05 06:00:00
P066,2026-02-02 10:20:00,US,android,paid_social,CMP007,1977,player066@example.com,False,churned,2026-02-06 19:23:16,2026-08-05 06:00:00
P067,2026-02-11 07:58:10,DE,steam,organic,,2001,player067@example.com,True,dormant,2026-07-01 08:49:09,2026-08-05 06:00:00
P068,2026-02-01 15:04:59,US,ios,paid_social,CMP007,2000,player068@example.com,False,active,2026-07-19 14:47:52,2026-08-05 06:00:00
P069,2026-02-17 23:19:20,US,steam,organic,,1991,player069@example.com,True,active,2026-08-04 11:18:59,2026-08-05 06:00:00
P070,2026-02-09 19:01:35,US,android,organic,,2000,player070@example.com,True,dormant,2026-07-03 22:00:04,2026-08-05 06:00:00
P071,2026-03-06 19:17:40,KR,playstation,organic,,2007,player071@example.com,False,active,2026-07-28 22:42:01,2026-08-05 06:00:00
P072,2026-03-16 14:04:41,US,ios,store_featured,CMP008,1995,player072@example.com,False,churned,2026-03-20 12:21:31,2026-08-05 06:00:00
P073,2026-03-19 13:10:33,KR,android,organic,,2000,player073@example.com,True,churned,2026-03-25 17:46:00,2026-08-05 06:00:00
P074,2026-03-26 12:17:14,GB,xbox,influencer,CMP002,1978,player074@example.com,True,active,2026-07-22 11:40:16,2026-08-05 06:00:00
P075,2026-03-07 19:54:31,US,playstation,cross_promo,CMP006,1991,player075@example.com,False,churned,2026-03-12 10:52:35,2026-08-05 06:00:00
P076,2026-03-07 09:26:18,DE,ios,paid_social,CMP004,1979,player076@example.com,True,churned,2026-03-10 19:17:24,2026-08-05 06:00:00
P077,2026-03-27 17:01:02,JP,steam,paid_social,CMP004,1991,player077@example.com,True,churned,2026-03-28 12:11:11,2026-08-05 06:00:00
P078,2026-03-15 20:25:27,US,android,organic,,1981,player078@example.com,True,churned,2026-03-21 08:49:37,2026-08-05 06:00:00
P079,2026-03-18 17:39:35,DE,ios,paid_social,CMP007,1984,player079@example.com,False,churned,2026-03-21 20:50:02,2026-08-05 06:00:00
P080,2026-03-12 16:54:55,US,steam,organic,,1989,player080@example.com,True,churned,2026-03-25 17:13:45,2026-08-05 06:00:00
P081,2026-04-06 01:50:16,US,android,influencer,CMP005,2000,player081@example.com,True,active,2026-07-21 20:43:43,2026-08-05 06:00:00
P082,2026-04-15 02:38:02,DE,ios,paid_social,CMP004,1979,player082@example.com,True,churned,2026-04-20 14:45:10,2026-08-05 06:00:00
P083,2026-04-01 23:11:32,US,playstation,cross_promo,CMP006,2007,player083@example.com,False,active,2026-07-19 12:34:56,2026-08-05 06:00:00
P084,2026-04-01 20:45:33,JP,steam,paid_social,CMP004,1974,player084@example.com,True,dormant,2026-06-19 14:30:27,2026-08-05 06:00:00
P085,2026-04-01 20:58:16,US,steam,organic,,1980,player085@example.com,False,active,2026-08-03 09:46:07,2026-08-05 06:00:00
P086,2026-04-09 08:15:10,BR,ios,store_featured,CMP008,2000,player086@example.com,True,churned,2026-04-21 17:37:35,2026-08-05 06:00:00
P087,2026-04-08 14:56:01,GB,android,organic,,1993,player087@example.com,False,churned,2026-04-19 17:22:30,2026-08-05 06:00:00
P088,2026-04-27 20:16:04,US,ios,store_featured,CMP008,2005,player088@example.com,False,active,2026-07-31 16:31:00,2026-08-05 06:00:00
P089,2026-04-09 20:05:50,BR,android,paid_social,CMP001,1983,player089@example.com,False,churned,2026-04-15 07:36:26,2026-08-05 06:00:00
P090,2026-04-04 09:47:42,JP,xbox,store_featured,CMP003,1992,player090@example.com,False,active,2026-07-27 21:02:57,2026-08-05 06:00:00
P091,2026-05-22 11:29:28,US,android,organic,,1979,player091@example.com,True,dormant,2026-06-16 11:07:36,2026-08-05 06:00:00
P092,2026-05-19 18:07:13,JP,xbox,organic,,2005,player092@example.com,False,active,2026-07-17 17:36:05,2026-08-05 06:00:00
P093,2026-05-05 20:16:28,US,android,influencer,CMP005,2002,player093@example.com,True,active,2026-07-23 13:50:42,2026-08-05 06:00:00
P094,2026-05-05 16:20:18,GB,android,organic,,1986,player094@example.com,True,active,2026-08-03 08:49:51,2026-08-05 06:00:00
P095,2026-05-12 14:16:03,GB,xbox,influencer,CMP002,2001,player095@example.com,False,dormant,2026-05-16 10:14:47,2026-08-05 06:00:00
P096,2026-05-04 23:06:52,BR,xbox,cross_promo,CMP006,2001,player096@example.com,True,dormant,2026-05-09 17:00:11,2026-08-05 06:00:00
P097,2026-05-10 22:57:54,GB,steam,organic,,1984,player097@example.com,False,active,2026-08-01 10:35:05,2026-08-05 06:00:00
P098,2026-05-20 22:26:38,GB,steam,organic,,1999,player098@example.com,False,active,2026-08-01 15:28:44,2026-08-05 06:00:00
P099,2026-05-20 13:23:24,JP,switch,paid_social,CMP007,1976,player099@example.com,False,dormant,2026-05-25 22:31:26,2026-08-05 06:00:00
P100,2026-05-03 08:04:04,GB,ios,cross_promo,CMP006,2005,player100@example.com,True,dormant,2026-05-09 20:52:48,2026-08-05 06:00:00
P101,2026-06-06 18:18:40,MX,ios,influencer,CMP002,1987,player101@example.com,True,dormant,2026-06-15 13:33:35,2026-08-05 06:00:00
P102,2026-06-13 19:33:39,KR,steam,paid_social,CMP007,1976,player102@example.com,True,dormant,2026-06-18 15:53:03,2026-08-05 06:00:00
P103,2026-06-21 19:11:38,BR,android,cross_promo,CMP006,2003,player103@example.com,True,active,2026-08-04 14:56:54,2026-08-05 06:00:00
P104,2026-06-08 18:22:19,KR,playstation,store_featured,CMP008,1974,player104@example.com,False,dormant,2026-07-03 20:13:15,2026-08-05 06:00:00
P105,2026-06-19 20:28:44,DE,steam,paid_social,CMP007,1973,player105@example.com,True,dormant,2026-07-01 19:30:56,2026-08-05 06:00:00
P106,2026-06-14 11:57:27,BR,steam,organic,,2003,player106@example.com,True,dormant,2026-06-14 14:06:27,2026-08-05 06:00:00
P107,2026-06-21 00:46:11,BR,playstation,influencer,CMP005,1988,player107@example.com,False,active,2026-07-31 18:46:26,2026-08-05 06:00:00
P108,2026-06-15 20:55:22,US,android,organic,,1987,player108@example.com,True,active,2026-07-12 17:41:58,2026-08-05 06:00:00
P109,2026-06-15 14:15:17,BR,steam,store_featured,CMP003,1979,player109@example.com,True,dormant,2026-06-21 20:21:43,2026-08-05 06:00:00
P110,2026-06-23 11:07:13,DE,ios,organic,,1997,player110@example.com,True,dormant,2026-06-28 20:53:19,2026-08-05 06:00:00
P111,2026-07-18 13:01:16,FR,steam,store_featured,CMP003,1986,player111@example.com,False,active,2026-07-22 21:19:30,2026-08-05 06:00:00
P112,2026-07-17 22:07:17,US,ios,paid_social,CMP007,2008,player112@example.com,True,active,2026-07-23 23:25:05,2026-08-05 06:00:00
P113,2026-07-24 22:05:27,JP,ios,paid_social,CMP004,1986,player113@example.com,True,active,2026-08-02 12:36:05,2026-08-05 06:00:00
P114,2026-07-14 22:48:47,JP,playstation,organic,,2008,player114@example.com,True,active,2026-08-02 09:58:32,2026-08-05 06:00:00
P115,2026-07-23 19:08:23,MX,playstation,store_featured,CMP003,2003,player115@example.com,True,active,2026-08-05 12:38:44,2026-08-05 06:00:00
P116,2026-07-04 08:58:35,GB,steam,store_featured,CMP003,2002,player116@example.com,True,dormant,2026-07-04 10:16:16,2026-08-05 06:00:00
P117,2026-07-18 05:32:38,KR,switch,organic,,2001,player117@example.com,False,active,2026-07-29 13:06:04,2026-08-05 06:00:00
P118,2026-07-19 17:15:21,US,steam,cross_promo,CMP006,1999,player118@example.com,False,active,2026-07-19 18:36:21,2026-08-05 06:00:00
P119,2026-07-26 10:43:04,US,playstation,store_featured,CMP003,2003,player119@example.com,False,active,2026-08-03 15:30:42,2026-08-05 06:00:00
P120,2026-07-02 07:40:57,DE,ios,paid_social,CMP001,2007,player120@example.com,False,active,2026-08-04 21:06:40,2026-08-05 06:00:00
