title_id,platform,platform_launch_date,store_page_url
T001,steam,2019-03-12,https://store.example.com/steam/jaffle-quest
T001,playstation,2019-03-12,https://store.example.com/playstation/jaffle-quest
T001,xbox,2019-03-12,https://store.example.com/xbox/jaffle-quest
T001,switch,2020-05-01,https://store.example.com/switch/jaffle-quest
T002,steam,2020-06-25,https://store.example.com/steam/neon-cabinet
T002,switch,2020-06-25,https://store.example.com/switch/neon-cabinet
T003,steam,2020-11-05,https://store.example.com/steam/preserve
T003,ios,2021-02-10,https://store.example.com/ios/preserve
T004,steam,2021-09-30,https://store.example.com/steam/toastlands
T004,playstation,2021-09-30,https://store.example.com/playstation/toastlands
T004,switch,2021-09-30,https://store.example.com/switch/toastlands
T005,steam,2022-04-18,https://store.example.com/steam/griddle-royale
T005,playstation,2022-04-18,https://store.example.com/playstation/griddle-royale
T005,xbox,2022-04-18,https://store.example.com/xbox/griddle-royale
T005,ios,2022-09-01,https://store.example.com/ios/griddle-royale
T005,android,2022-09-01,https://store.example.com/android/griddle-royale
T006,steam,2023-08-22,https://store.example.com/steam/crumb-rally
T006,playstation,2023-08-22,https://store.example.com/playstation/crumb-rally
T006,xbox,2023-08-22,https://store.example.com/xbox/crumb-rally
T007,ios,2024-02-14,https://store.example.com/ios/marmalade-siege
T007,android,2024-02-14,https://store.example.com/android/marmalade-siege
T007,steam,2024-06-01,https://store.example.com/steam/marmalade-siege
T008,ios,2026-05-15,https://store.example.com/ios/batter-up
T008,android,2026-05-15,https://store.example.com/android/batter-up
