transaction_id,player_id,title_id,platform,transaction_at,transaction_type,sku_id,gross_amount_usd,platform_fee_usd,currency_code,local_amount,payment_method,is_first_purchase,_loaded_at
TX0001,P045,T006,playstation,2026-07-04 07:21:15,premium_purchase,,34.99,10.5,EUR,32.19,platform_wallet,False,2026-08-05 06:00:00
TX0002,P060,T006,playstation,2026-05-08 17:12:27,premium_purchase,,34.99,10.5,USD,34.99,platform_wallet,True,2026-08-05 06:00:00
TX0003,P061,T006,steam,2026-05-29 20:51:14,premium_purchase,,34.99,10.5,JPY,5248.5,paypal,True,2026-08-05 06:00:00
TX0004,P069,T006,steam,2026-07-11 13:14:01,premium_purchase,,34.99,10.5,USD,34.99,card,False,2026-08-05 06:00:00
TX0005,P083,T006,xbox,2026-05-01 22:37:05,premium_purchase,,34.99,10.5,USD,34.99,platform_wallet,True,2026-08-05 06:00:00
TX0006,P085,T006,steam,2026-06-08 22:04:10,premium_purchase,,34.99,10.5,USD,34.99,card,True,2026-08-05 06:00:00
TX0007,P088,T006,steam,2026-04-30 20:31:22,premium_purchase,,34.99,10.5,USD,34.99,card,True,2026-08-05 06:00:00
TX0008,P094,T006,steam,2026-06-10 18:39:45,premium_purchase,,34.99,10.5,GBP,27.64,card,True,2026-08-05 06:00:00
TX0009,P098,T006,steam,2026-06-16 21:03:43,premium_purchase,,34.99,10.5,GBP,27.64,card,True,2026-08-05 06:00:00
TX0010,P107,T006,xbox,2026-07-26 13:48:49,premium_purchase,,34.99,10.5,BRL,178.45,platform_wallet,True,2026-08-05 06:00:00
TX0011,P115,T006,steam,2026-07-24 20:52:31,premium_purchase,,34.99,10.5,USD,34.99,paypal,True,2026-08-05 06:00:00
TX0012,P120,T006,steam,2026-08-02 15:38:56,premium_purchase,,34.99,10.5,EUR,32.19,paypal,False,2026-08-05 06:00:00
TX0013,P005,T001,xbox,2025-10-19 08:01:05,premium_purchase,,39.99,12.0,USD,39.99,platform_wallet,True,2026-08-05 06:00:00
TX0014,P015,T001,switch,2026-03-23 11:29:51,premium_purchase,,39.99,12.0,EUR,36.79,platform_wallet,True,2026-08-05 06:00:00
TX0015,P018,T001,xbox,2026-01-08 08:50:46,premium_purchase,,39.99,12.0,USD,39.99,platform_wallet,True,2026-08-05 06:00:00
TX0016,P030,T001,steam,2026-07-19 22:39:30,premium_purchase,,39.99,12.0,USD,39.99,paypal,True,2026-08-05 06:00:00
TX0017,P051,T001,playstation,2026-03-26 15:26:18,premium_purchase,,39.99,12.0,USD,39.99,platform_wallet,True,2026-08-05 06:00:00
TX0018,P063,T001,playstation,2026-07-12 17:46:45,premium_purchase,,39.99,12.0,JPY,5998.5,platform_wallet,True,2026-08-05 06:00:00
TX0019,P070,T001,steam,2026-03-15 15:44:10,premium_purchase,,39.99,12.0,USD,39.99,card,False,2026-08-05 06:00:00
TX0020,P081,T001,steam,2026-04-16 04:02:38,premium_purchase,,39.99,12.0,USD,39.99,card,True,2026-08-05 06:00:00
TX0021,P093,T001,switch,2026-06-29 21:14:22,premium_purchase,,39.99,12.0,USD,39.99,platform_wallet,True,2026-08-05 06:00:00
TX0022,P120,T001,xbox,2026-07-31 19:08:37,premium_purchase,,39.99,12.0,EUR,36.79,platform_wallet,True,2026-08-05 06:00:00
TX0023,P003,T002,switch,2026-05-03 13:53:16,premium_purchase,,19.99,6.0,EUR,18.39,platform_wallet,False,2026-08-05 06:00:00
TX0024,P008,T002,steam,2025-11-08 22:33:59,premium_purchase,,19.99,6.0,EUR,18.39,card,True,2026-08-05 06:00:00
TX0025,P009,T002,switch,2025-08-12 22:35:48,premium_purchase,,19.99,6.0,GBP,15.79,platform_wallet,True,2026-08-05 06:00:00
TX0026,P029,T002,switch,2026-04-02 18:31:17,premium_purchase,,19.99,6.0,EUR,18.39,platform_wallet,True,2026-08-05 06:00:00
TX0027,P037,T002,switch,2026-01-28 06:58:17,premium_purchase,,19.99,6.0,KRW,26586.7,platform_wallet,False,2026-08-05 06:00:00
TX0028,P039,T002,switch,2025-11-29 16:05:26,premium_purchase,,19.99,6.0,USD,19.99,platform_wallet,True,2026-08-05 06:00:00
TX0029,P069,T002,switch,2026-06-23 15:21:58,premium_purchase,,19.99,6.0,USD,19.99,platform_wallet,True,2026-08-05 06:00:00
TX0030,P084,T002,steam,2026-04-29 07:33:12,premium_purchase,,19.99,6.0,JPY,2998.5,paypal,True,2026-08-05 06:00:00
TX0031,P088,T002,switch,2026-06-09 21:30:04,premium_purchase,,19.99,6.0,USD,19.99,platform_wallet,False,2026-08-05 06:00:00
TX0032,P097,T002,steam,2026-05-29 23:36:00,premium_purchase,,19.99,6.0,GBP,15.79,paypal,True,2026-08-05 06:00:00
TX0033,P113,T002,steam,2026-07-24 13:16:54,premium_purchase,,19.99,6.0,JPY,2998.5,card,True,2026-08-05 06:00:00
TX0034,P012,T004,steam,2026-06-30 22:35:57,premium_purchase,,29.99,9.0,EUR,27.59,paypal,True,2026-08-05 06:00:00
TX0035,P028,T004,playstation,2026-07-29 20:34:36,premium_purchase,,29.99,9.0,USD,29.99,platform_wallet,True,2026-08-05 06:00:00
TX0036,P034,T004,steam,2026-03-22 18:44:09,premium_purchase,,29.99,9.0,USD,29.99,card,True,2026-08-05 06:00:00
TX0037,P045,T004,playstation,2026-05-16 09:17:09,premium_purchase,,29.99,9.0,EUR,27.59,platform_wallet,True,2026-08-05 06:00:00
TX0038,P059,T004,steam,2026-03-13 21:41:42,premium_purchase,,29.99,9.0,USD,29.99,card,True,2026-08-05 06:00:00
TX0039,P068,T004,switch,2026-07-03 20:11:47,premium_purchase,,29.99,9.0,USD,29.99,platform_wallet,True,2026-08-05 06:00:00
TX0040,P081,T004,steam,2026-06-01 12:32:38,premium_purchase,,29.99,9.0,USD,29.99,paypal,False,2026-08-05 06:00:00
TX0041,P090,T004,switch,2026-07-05 13:53:03,premium_purchase,,29.99,9.0,JPY,4498.5,platform_wallet,True,2026-08-05 06:00:00
TX0042,P103,T004,switch,2026-08-01 15:39:17,premium_purchase,,29.99,9.0,BRL,152.95,platform_wallet,True,2026-08-05 06:00:00
TX0043,P119,T004,switch,2026-08-01 13:22:03,premium_purchase,,29.99,9.0,USD,29.99,platform_wallet,True,2026-08-05 06:00:00
TX0044,P002,T003,steam,2026-01-08 21:35:09,premium_purchase,,24.99,7.5,EUR,22.99,card,False,2026-08-05 06:00:00
TX0045,P004,T003,ios,2026-01-23 21:18:04,premium_purchase,,24.99,3.75,GBP,19.74,apple_pay,True,2026-08-05 06:00:00
TX0046,P009,T003,steam,2025-12-16 18:35:53,premium_purchase,,24.99,7.5,GBP,19.74,card,False,2026-08-05 06:00:00
TX0047,P010,T003,steam,2025-10-24 16:16:19,premium_purchase,,24.99,7.5,USD,24.99,paypal,True,2026-08-05 06:00:00
TX0048,P025,T005,playstation,2026-05-15 19:41:24,season_pass,SKU001,9.99,3.0,USD,9.99,platform_wallet,False,2026-08-05 06:00:00
TX0049,P025,T005,ios,2026-06-10 12:20:35,iap,SKU007,14.99,2.25,USD,14.99,apple_pay,False,2026-08-05 06:00:00
TX0050,P025,T005,android,2026-04-01 10:25:13,iap,SKU009,7.99,1.2,USD,7.99,google_play,False,2026-08-05 06:00:00
TX0051,P025,T005,xbox,2025-10-28 13:05:45,iap,SKU004,9.99,3.0,USD,9.99,platform_wallet,False,2026-08-05 06:00:00
TX0052,P025,T005,playstation,2026-04-06 20:43:08,iap,SKU007,14.99,4.5,USD,14.99,platform_wallet,False,2026-08-05 06:00:00
TX0053,P025,T005,playstation,2026-03-27 16:27:20,iap,SKU005,19.99,6.0,USD,19.99,platform_wallet,False,2026-08-05 06:00:00
TX0054,P025,T005,playstation,2026-06-09 20:13:08,iap,SKU008,12.99,3.9,USD,12.99,platform_wallet,False,2026-08-05 06:00:00
TX0055,P025,T005,ios,2026-05-08 11:42:31,iap,SKU006,49.99,7.5,USD,49.99,apple_pay,False,2026-08-05 06:00:00
TX0056,P025,T005,steam,2026-07-12 22:22:37,iap,SKU008,12.99,3.9,USD,12.99,paypal,False,2026-08-05 06:00:00
TX0057,P025,T005,steam,2026-02-25 20:15:33,iap,SKU008,12.99,3.9,USD,12.99,paypal,False,2026-08-05 06:00:00
TX0058,P025,T005,playstation,2026-06-25 14:10:51,iap,SKU007,14.99,4.5,USD,14.99,platform_wallet,False,2026-08-05 06:00:00
TX0059,P025,T005,android,2026-05-26 23:16:44,iap,SKU005,19.99,3.0,USD,19.99,google_play,False,2026-08-05 06:00:00
TX0060,P025,T005,playstation,2026-07-10 10:58:10,iap,SKU003,4.99,1.5,USD,4.99,platform_wallet,False,2026-08-05 06:00:00
TX0061,P025,T005,steam,2025-10-24 19:15:43,iap,SKU006,49.99,15.0,USD,49.99,card,False,2026-08-05 06:00:00
TX0062,P025,T005,android,2025-11-08 16:32:13,iap,SKU008,12.99,1.95,USD,12.99,google_play,False,2026-08-05 06:00:00
TX0063,P025,T005,android,2026-05-26 19:43:45,iap,SKU007,14.99,2.25,USD,14.99,google_play,False,2026-08-05 06:00:00
TX0064,P025,T005,steam,2026-05-17 20:18:14,iap,SKU006,49.99,15.0,USD,49.99,card,False,2026-08-05 06:00:00
TX0065,P025,T005,playstation,2026-07-08 11:29:25,iap,SKU006,49.99,15.0,USD,49.99,platform_wallet,False,2026-08-05 06:00:00
TX0066,P025,T005,ios,2025-10-17 09:33:16,iap,SKU003,4.99,0.75,USD,4.99,apple_pay,True,2026-08-05 06:00:00
TX0067,P025,T005,steam,2026-01-30 15:23:22,iap,SKU005,19.99,6.0,USD,19.99,card,False,2026-08-05 06:00:00
TX0068,P002,T005,ios,2026-02-14 18:18:51,season_pass,SKU001,9.99,1.5,EUR,9.19,apple_pay,False,2026-08-05 06:00:00
TX0069,P002,T005,steam,2025-10-17 18:45:59,iap,SKU003,4.99,1.5,EUR,4.59,paypal,False,2026-08-05 06:00:00
TX0070,P002,T005,steam,2025-09-09 12:50:14,iap,SKU007,14.99,4.5,EUR,13.79,paypal,True,2026-08-05 06:00:00
TX0071,P002,T005,playstation,2026-05-14 20:47:48,iap,SKU004,9.99,3.0,EUR,9.19,platform_wallet,False,2026-08-05 06:00:00
TX0072,P002,T005,steam,2025-11-27 17:08:31,iap,SKU007,14.99,4.5,EUR,13.79,paypal,False,2026-08-05 06:00:00
TX0073,P002,T005,android,2026-07-26 09:32:56,iap,SKU004,9.99,1.5,EUR,9.19,google_play,False,2026-08-05 06:00:00
TX0074,P002,T005,android,2026-05-21 19:18:50,iap,SKU009,7.99,1.2,EUR,7.35,google_play,False,2026-08-05 06:00:00
TX0075,P002,T005,ios,2026-05-27 10:23:07,iap,SKU009,7.99,1.2,EUR,7.35,apple_pay,False,2026-08-05 06:00:00
TX0076,P002,T005,steam,2026-02-11 14:52:38,iap,SKU008,12.99,3.9,EUR,11.95,card,False,2026-08-05 06:00:00
TX0077,P002,T005,ios,2026-04-06 19:07:37,iap,SKU007,14.99,2.25,EUR,13.79,apple_pay,False,2026-08-05 06:00:00
TX0078,P002,T005,ios,2026-04-22 04:24:27,iap,SKU003,4.99,0.75,EUR,4.59,apple_pay,False,2026-08-05 06:00:00
TX0079,P037,T005,ios,2025-11-24 16:42:10,season_pass,SKU001,9.99,1.5,KRW,13286.7,apple_pay,False,2026-08-05 06:00:00
TX0080,P037,T005,steam,2026-05-31 08:04:16,iap,SKU008,12.99,3.9,KRW,17276.7,paypal,False,2026-08-05 06:00:00
TX0081,P037,T005,ios,2026-01-29 07:28:31,iap,SKU003,4.99,0.75,KRW,6636.7,apple_pay,False,2026-08-05 06:00:00
TX0082,P037,T005,ios,2026-05-12 18:18:28,iap,SKU007,14.99,2.25,KRW,19936.7,apple_pay,False,2026-08-05 06:00:00
TX0083,P037,T005,ios,2026-01-09 16:28:12,iap,SKU007,14.99,2.25,KRW,19936.7,apple_pay,False,2026-08-05 06:00:00
TX0084,P037,T005,ios,2025-11-23 09:50:11,iap,SKU004,9.99,1.5,KRW,13286.7,apple_pay,True,2026-08-05 06:00:00
TX0085,P037,T005,ios,2026-02-20 10:00:44,iap,SKU004,9.99,1.5,KRW,13286.7,apple_pay,False,2026-08-05 06:00:00
TX0086,P037,T005,xbox,2026-05-15 09:18:42,iap,SKU008,12.99,3.9,KRW,17276.7,platform_wallet,False,2026-08-05 06:00:00
TX0087,P037,T005,steam,2026-01-29 12:16:08,iap,SKU007,14.99,4.5,KRW,19936.7,card,False,2026-08-05 06:00:00
TX0088,P037,T005,ios,2026-04-01 11:21:51,iap,SKU007,14.99,2.25,KRW,19936.7,apple_pay,False,2026-08-05 06:00:00
TX0089,P067,T005,steam,2026-03-18 18:16:52,season_pass,SKU001,9.99,3.0,EUR,9.19,card,False,2026-08-05 06:00:00
TX0090,P067,T005,ios,2026-02-12 19:30:29,iap,SKU009,7.99,1.2,EUR,7.35,apple_pay,True,2026-08-05 06:00:00
TX0091,P067,T005,xbox,2026-07-28 16:54:50,iap,SKU009,7.99,2.4,EUR,7.35,platform_wallet,False,2026-08-05 06:00:00
TX0092,P067,T005,ios,2026-02-18 06:46:19,iap,SKU005,19.99,3.0,EUR,18.39,apple_pay,False,2026-08-05 06:00:00
TX0093,P067,T005,steam,2026-03-29 13:52:10,iap,SKU008,12.99,3.9,EUR,11.95,card,False,2026-08-05 06:00:00
TX0094,P067,T005,xbox,2026-06-12 17:25:40,iap,SKU009,7.99,2.4,EUR,7.35,platform_wallet,False,2026-08-05 06:00:00
TX0095,P067,T005,playstation,2026-06-04 18:49:50,iap,SKU008,12.99,3.9,EUR,11.95,platform_wallet,False,2026-08-05 06:00:00
TX0096,P067,T005,ios,2026-02-17 11:11:59,iap,SKU008,12.99,1.95,EUR,11.95,apple_pay,False,2026-08-05 06:00:00
TX0097,P067,T005,ios,2026-07-28 20:36:05,iap,SKU009,7.99,1.2,EUR,7.35,apple_pay,False,2026-08-05 06:00:00
TX0098,P067,T005,android,2026-04-21 21:25:03,iap,SKU004,9.99,1.5,EUR,9.19,google_play,False,2026-08-05 06:00:00
TX0099,P067,T005,ios,2026-05-12 10:16:03,iap,SKU008,12.99,1.95,EUR,11.95,apple_pay,False,2026-08-05 06:00:00
TX0100,P070,T007,android,2026-07-25 16:09:31,season_pass,SKU011,7.99,1.2,USD,7.99,google_play,False,2026-08-05 06:00:00
TX0101,P070,T007,ios,2026-03-05 13:19:22,iap,SKU013,14.99,2.25,USD,14.99,apple_pay,False,2026-08-05 06:00:00
TX0102,P070,T007,android,2026-04-19 12:08:52,iap,SKU012,2.99,0.45,USD,2.99,google_play,False,2026-08-05 06:00:00
TX0103,P070,T007,steam,2026-04-11 14:40:11,iap,SKU013,14.99,4.5,USD,14.99,paypal,False,2026-08-05 06:00:00
TX0104,P070,T007,ios,2026-07-10 19:00:25,iap,SKU012,2.99,0.45,USD,2.99,apple_pay,False,2026-08-05 06:00:00
TX0105,P070,T007,ios,2026-06-09 03:19:30,iap,SKU013,14.99,2.25,USD,14.99,apple_pay,False,2026-08-05 06:00:00
TX0106,P070,T007,steam,2026-04-12 20:01:30,iap,SKU012,2.99,0.9,USD,2.99,card,False,2026-08-05 06:00:00
TX0107,P070,T007,ios,2026-07-03 18:38:13,iap,SKU013,14.99,2.25,USD,14.99,apple_pay,False,2026-08-05 06:00:00
TX0108,P070,T007,ios,2026-03-10 21:37:30,iap,SKU014,5.99,0.9,USD,5.99,apple_pay,False,2026-08-05 06:00:00
TX0109,P070,T007,ios,2026-04-16 18:34:16,iap,SKU014,5.99,0.9,USD,5.99,apple_pay,False,2026-08-05 06:00:00
TX0110,P070,T007,android,2026-03-04 08:25:33,iap,SKU013,14.99,2.25,USD,14.99,google_play,True,2026-08-05 06:00:00
TX0111,P070,T007,android,2026-03-26 16:45:23,iap,SKU012,2.99,0.45,USD,2.99,google_play,False,2026-08-05 06:00:00
TX0112,P070,T007,android,2026-07-27 20:47:28,iap,SKU014,5.99,0.9,USD,5.99,google_play,False,2026-08-05 06:00:00
TX0113,P070,T007,android,2026-05-02 15:04:55,iap,SKU014,5.99,0.9,USD,5.99,google_play,False,2026-08-05 06:00:00
TX0114,P003,T005,steam,2025-10-01 21:32:35,season_pass,SKU001,9.99,3.0,EUR,9.19,paypal,True,2026-08-05 06:00:00
TX0115,P003,T005,ios,2025-11-13 18:03:34,iap,SKU008,12.99,1.95,EUR,11.95,apple_pay,False,2026-08-05 06:00:00
TX0116,P006,T005,ios,2026-06-23 18:30:49,season_pass,SKU001,9.99,1.5,USD,9.99,apple_pay,False,2026-08-05 06:00:00
TX0117,P006,T005,xbox,2025-09-03 00:49:02,iap,SKU009,7.99,2.4,USD,7.99,platform_wallet,True,2026-08-05 06:00:00
TX0118,P006,T005,android,2026-04-16 06:27:43,iap,SKU004,9.99,1.5,USD,9.99,google_play,False,2026-08-05 06:00:00
TX0119,P016,T005,xbox,2026-06-27 17:40:42,season_pass,SKU001,9.99,3.0,USD,9.99,platform_wallet,False,2026-08-05 06:00:00
TX0120,P016,T005,xbox,2026-02-15 11:02:10,iap,SKU005,19.99,6.0,USD,19.99,platform_wallet,True,2026-08-05 06:00:00
TX0121,P020,T005,xbox,2026-04-09 20:28:19,season_pass,SKU001,9.99,3.0,USD,9.99,platform_wallet,False,2026-08-05 06:00:00
TX0122,P020,T005,playstation,2025-10-31 08:47:45,iap,SKU008,12.99,3.9,USD,12.99,platform_wallet,True,2026-08-05 06:00:00
TX0123,P022,T005,android,2026-01-27 18:06:42,season_pass,SKU001,9.99,1.5,BRL,50.95,google_play,True,2026-08-05 06:00:00
TX0124,P022,T005,ios,2026-07-09 17:09:21,iap,SKU004,9.99,1.5,BRL,50.95,apple_pay,False,2026-08-05 06:00:00
TX0125,P022,T005,playstation,2026-03-19 12:53:10,iap,SKU003,4.99,1.5,BRL,25.45,platform_wallet,False,2026-08-05 06:00:00
TX0126,P024,T005,ios,2026-06-06 20:49:35,season_pass,SKU001,9.99,1.5,USD,9.99,apple_pay,False,2026-08-05 06:00:00
TX0127,P024,T005,ios,2025-10-22 20:26:55,iap,SKU004,9.99,1.5,USD,9.99,apple_pay,True,2026-08-05 06:00:00
TX0128,P024,T005,android,2026-03-11 15:08:28,iap,SKU009,7.99,1.2,USD,7.99,google_play,False,2026-08-05 06:00:00
TX0129,P027,T005,steam,2026-01-21 21:43:46,season_pass,SKU001,9.99,3.0,GBP,7.89,paypal,False,2026-08-05 06:00:00
TX0130,P027,T005,steam,2025-10-25 20:20:15,iap,SKU004,9.99,3.0,GBP,7.89,paypal,True,2026-08-05 06:00:00
TX0131,P027,T005,playstation,2026-01-15 23:01:09,iap,SKU008,12.99,3.9,GBP,10.26,platform_wallet,False,2026-08-05 06:00:00
TX0132,P032,T005,steam,2026-06-13 11:45:13,season_pass,SKU001,9.99,3.0,USD,9.99,paypal,False,2026-08-05 06:00:00
TX0133,P032,T005,steam,2026-03-17 10:56:46,iap,SKU009,7.99,2.4,USD,7.99,paypal,True,2026-08-05 06:00:00
TX0134,P032,T005,android,2026-07-24 15:34:08,iap,SKU003,4.99,0.75,USD,4.99,google_play,False,2026-08-05 06:00:00
TX0135,P035,T005,playstation,2026-04-23 13:30:50,season_pass,SKU001,9.99,3.0,USD,9.99,platform_wallet,False,2026-08-05 06:00:00
TX0136,P035,T005,steam,2026-02-27 09:55:17,iap,SKU008,12.99,3.9,USD,12.99,card,True,2026-08-05 06:00:00
TX0137,P044,T005,steam,2026-04-16 12:36:49,season_pass,SKU001,9.99,3.0,USD,9.99,card,False,2026-08-05 06:00:00
TX0138,P044,T005,playstation,2026-03-12 17:23:48,iap,SKU005,19.99,6.0,USD,19.99,platform_wallet,True,2026-08-05 06:00:00
TX0139,P071,T007,steam,2026-07-25 20:27:10,season_pass,SKU011,7.99,2.4,KRW,10626.7,card,False,2026-08-05 06:00:00
TX0140,P071,T007,steam,2026-04-06 18:53:44,iap,SKU012,2.99,0.9,KRW,3976.7,paypal,True,2026-08-05 06:00:00
TX0141,P071,T007,ios,2026-05-26 08:40:06,iap,SKU014,5.99,0.9,KRW,7966.7,apple_pay,False,2026-08-05 06:00:00
TX0142,P071,T007,ios,2026-04-18 13:55:16,iap,SKU012,2.99,0.45,KRW,3976.7,apple_pay,False,2026-08-05 06:00:00
TX0143,P071,T007,ios,2026-04-10 12:40:22,iap,SKU012,2.99,0.45,KRW,3976.7,apple_pay,False,2026-08-05 06:00:00
TX0144,P074,T007,ios,2026-07-30 02:03:38,season_pass,SKU011,7.99,1.2,GBP,6.31,apple_pay,False,2026-08-05 06:00:00
TX0145,P074,T007,steam,2026-07-22 17:09:52,iap,SKU012,2.99,0.9,GBP,2.36,paypal,False,2026-08-05 06:00:00
TX0146,P074,T007,ios,2026-07-26 17:03:20,iap,SKU014,5.99,0.9,GBP,4.73,apple_pay,False,2026-08-05 06:00:00
TX0147,P074,T007,android,2026-07-01 21:54:11,iap,SKU012,2.99,0.45,GBP,2.36,google_play,False,2026-08-05 06:00:00
TX0148,P074,T007,ios,2026-03-30 16:24:04,iap,SKU012,2.99,0.45,GBP,2.36,apple_pay,True,2026-08-05 06:00:00
TX0149,P092,T007,android,2026-06-18 18:31:53,season_pass,SKU011,7.99,1.2,JPY,1198.5,google_play,False,2026-08-05 06:00:00
TX0150,P092,T007,android,2026-07-09 16:57:02,iap,SKU014,5.99,0.9,JPY,898.5,google_play,False,2026-08-05 06:00:00
TX0151,P092,T007,ios,2026-08-02 11:10:26,iap,SKU014,5.99,0.9,JPY,898.5,apple_pay,False,2026-08-05 06:00:00
TX0152,P092,T007,android,2026-06-07 20:30:20,iap,SKU014,5.99,0.9,JPY,898.5,google_play,True,2026-08-05 06:00:00
TX0153,P114,T007,steam,2026-07-21 07:25:05,season_pass,SKU011,7.99,2.4,JPY,1198.5,card,True,2026-08-05 06:00:00
TX0154,P114,T007,ios,2026-08-04 18:20:55,iap,SKU013,14.99,2.25,JPY,2248.5,apple_pay,False,2026-08-05 06:00:00
TX0155,P045,T006,steam,2026-08-05 18:05:51,dlc,SKU026,11.99,3.6,EUR,11.03,card,False,2026-08-05 06:00:00
TX0156,P061,T006,xbox,2026-08-05 12:39:52,dlc,SKU026,11.99,3.6,JPY,1798.5,platform_wallet,False,2026-08-05 06:00:00
TX0157,P069,T006,steam,2026-08-05 18:31:38,dlc,SKU026,11.99,3.6,USD,11.99,paypal,False,2026-08-05 06:00:00
TX0158,P083,T006,steam,2026-06-26 11:53:51,dlc,SKU026,11.99,3.6,USD,11.99,paypal,False,2026-08-05 06:00:00
TX0159,P107,T006,steam,2026-08-05 08:40:57,dlc,SKU026,11.99,3.6,BRL,61.15,paypal,False,2026-08-05 06:00:00
TX0160,P120,T006,xbox,2026-08-05 19:12:36,dlc,SKU026,11.99,3.6,EUR,11.03,platform_wallet,False,2026-08-05 06:00:00
TX0161,P018,T001,playstation,2026-01-16 20:58:24,dlc,SKU020,14.99,4.5,USD,14.99,platform_wallet,False,2026-08-05 06:00:00
TX0162,P070,T001,steam,2026-06-14 17:59:13,dlc,SKU020,14.99,4.5,USD,14.99,card,False,2026-08-05 06:00:00
TX0163,P093,T001,xbox,2026-08-05 05:35:03,dlc,SKU020,14.99,4.5,USD,14.99,platform_wallet,False,2026-08-05 06:00:00
TX0164,P003,T002,steam,2026-05-24 18:45:23,dlc,SKU022,9.99,3.0,EUR,9.19,card,False,2026-08-05 06:00:00
TX0165,P037,T002,steam,2026-04-11 19:23:04,dlc,SKU022,9.99,3.0,KRW,13286.7,paypal,False,2026-08-05 06:00:00
TX0166,P088,T002,switch,2026-08-05 03:44:42,dlc,SKU022,9.99,3.0,USD,9.99,platform_wallet,False,2026-08-05 06:00:00
TX0167,P097,T002,switch,2026-07-16 14:34:41,dlc,SKU022,9.99,3.0,GBP,7.89,platform_wallet,False,2026-08-05 06:00:00
TX0168,P113,T002,steam,2026-08-05 17:53:22,dlc,SKU022,9.99,3.0,JPY,1498.5,paypal,False,2026-08-05 06:00:00
TX0169,P068,T004,steam,2026-08-05 19:23:31,dlc,SKU024,12.99,3.9,USD,12.99,paypal,False,2026-08-05 06:00:00
TX0170,P103,T004,switch,2026-08-05 20:33:49,dlc,SKU024,12.99,3.9,BRL,66.25,platform_wallet,False,2026-08-05 06:00:00
TX0171,P119,T004,switch,2026-08-05 16:20:43,dlc,SKU024,12.99,3.9,USD,12.99,platform_wallet,False,2026-08-05 06:00:00
TX0172,P022,T005,steam,2026-01-29 18:06:42,refund,SKU001,9.99,3.0,BRL,50.95,card,False,2026-08-05 06:00:00
TX0173,P067,T005,ios,2026-04-03 13:52:10,refund,SKU008,12.99,1.95,EUR,11.95,apple_pay,False,2026-08-05 06:00:00
TX0174,P071,T007,ios,2026-05-30 08:40:06,refund,SKU014,5.99,0.9,KRW,7966.7,apple_pay,False,2026-08-05 06:00:00
TX0175,P070,T007,android,2026-04-16 14:40:11,refund,SKU013,14.99,2.25,USD,14.99,google_play,False,2026-08-05 06:00:00
TX0176,P016,T005,xbox,2026-07-02 17:40:42,refund,SKU001,9.99,3.0,USD,9.99,platform_wallet,False,2026-08-05 06:00:00
TX0177,P032,T005,android,2026-06-19 11:45:13,refund,SKU001,9.99,1.5,USD,9.99,google_play,False,2026-08-05 06:00:00
TX0178,P070,T007,ios,2026-03-28 21:37:30,chargeback,SKU014,5.99,0.9,USD,5.99,apple_pay,False,2026-08-05 06:00:00
TX0179,P070,T007,ios,2026-08-07 16:09:31,chargeback,SKU011,7.99,1.2,USD,7.99,apple_pay,False,2026-08-05 06:00:00
TX0180,P024,T005,android,2025-11-20 20:26:55,chargeback,SKU004,9.99,1.5,USD,9.99,google_play,False,2026-08-05 06:00:00
