campaign_id,title_id,channel,week_start_date,spend_usd,impressions,clicks,installs
CMP001,T005,paid_social,2025-08-04,8651.59,720965,8115,555
CMP001,T005,paid_social,2025-08-11,2991.89,249324,2453,133
CMP001,T005,paid_social,2025-08-18,5466.66,455555,3675,259
CMP001,T005,paid_social,2025-08-25,2993.38,249448,2932,169
CMP001,T005,paid_social,2025-09-01,3249.93,270827,2746,173
CMP001,T005,paid_social,2025-09-08,2900.54,241711,2313,161
CMP001,T005,paid_social,2025-09-15,3682.81,306900,3277,227
CMP001,T005,paid_social,2025-09-22,4999.9,416658,4802,342
CMP001,T005,paid_social,2025-09-29,3056.66,254721,2923,185
CMP001,T005,paid_social,2025-10-06,2435.32,202943,2141,137
CMP001,T005,paid_social,2025-10-13,6328.52,527376,6151,435
CMP001,T005,paid_social,2025-10-20,5234.33,436194,4133,256
CMP001,T005,paid_social,2025-10-27,3327.66,277305,3028,157
CMP001,T005,paid_social,2025-11-03,5405.5,450458,5058,263
CMP001,T005,paid_social,2025-11-10,6091.89,507657,5967,358
CMP001,T005,paid_social,2025-11-17,4096.52,341376,3256,200
CMP001,T005,paid_social,2025-11-24,7474.57,622880,5642,325
CMP001,T005,paid_social,2025-12-01,9382.02,781835,8584,518
CMP001,T005,paid_social,2025-12-08,3729.3,310775,2579,142
CMP001,T005,paid_social,2025-12-15,3002.95,250245,2703,190
CMP002,T005,influencer,2025-11-03,4541.13,206415,6010,1257
CMP002,T005,influencer,2025-11-10,1956.78,88944,2214,435
CMP002,T005,influencer,2025-11-17,2103.92,95632,2970,489
CMP002,T005,influencer,2025-11-24,4611.33,209605,5619,1126
CMP002,T005,influencer,2025-12-01,3095.31,140695,3837,764
CMP002,T005,influencer,2025-12-08,4289.83,194992,6780,1394
CMP002,T005,influencer,2025-12-15,4091.28,185967,6549,1349
CMP002,T005,influencer,2025-12-22,1569.79,71354,2018,372
CMP003,T005,store_featured,2026-02-09,2442.42,407070,13918,3409
CMP003,T005,store_featured,2026-02-16,2333.12,388853,14081,2998
CMP003,T005,store_featured,2026-02-23,2814.49,469081,20408,4584
CMP003,T005,store_featured,2026-03-02,3144.79,524131,24718,4932
CMP003,T005,store_featured,2026-03-09,4054.65,675775,28568,7404
CMP003,T005,store_featured,2026-03-16,4882.43,813738,35448,6458
CMP004,T008,paid_social,2026-05-11,7874.7,656225,5963,343
CMP004,T008,paid_social,2026-05-18,2662.87,221905,2013,118
CMP004,T008,paid_social,2026-05-25,8669.39,722449,7462,434
CMP004,T008,paid_social,2026-06-01,5972.53,497710,5482,368
CMP004,T008,paid_social,2026-06-08,5032.56,419380,4124,249
CMP004,T008,paid_social,2026-06-15,6396.01,533000,5933,409
CMP004,T008,paid_social,2026-06-22,5207.08,433923,4136,281
CMP004,T008,paid_social,2026-06-29,6982.38,581865,6404,391
CMP004,T008,paid_social,2026-07-06,7936.8,661400,5510,332
CMP004,T008,paid_social,2026-07-13,2982.84,248570,2486,165
CMP005,T008,influencer,2026-05-18,2321.64,105529,3709,566
CMP005,T008,influencer,2026-05-25,3649.77,165898,4757,938
CMP005,T008,influencer,2026-06-01,2396.84,108947,3727,658
CMP005,T008,influencer,2026-06-08,2625.14,119324,3217,651
CMP005,T008,influencer,2026-06-15,5468.55,248570,7553,1231
CMP005,T008,influencer,2026-06-22,5184.87,235675,7668,1339
CMP006,T007,cross_promo,2025-09-01,2560.75,640187,22222,4710
CMP006,T007,cross_promo,2025-09-08,4778.34,1194585,44367,9513
CMP006,T007,cross_promo,2025-09-15,3559.96,889990,27755,6219
CMP006,T007,cross_promo,2025-09-22,5143.14,1285785,37631,8102
CMP006,T007,cross_promo,2025-09-29,2080.77,520192,18808,4044
CMP006,T007,cross_promo,2025-10-06,5710.47,1427617,54019,9957
CMP006,T007,cross_promo,2025-10-13,3137.03,784257,22476,4070
CMP006,T007,cross_promo,2025-10-20,5648.05,1412012,46695,8169
CMP007,T007,paid_social,2026-01-05,6761.35,563445,4895,247
CMP007,T007,paid_social,2026-01-12,8264.24,688686,6233,337
CMP007,T007,paid_social,2026-01-19,7533.64,627803,6135,403
CMP007,T007,paid_social,2026-01-26,6656.61,554717,5248,282
CMP007,T007,paid_social,2026-02-02,4606.77,383897,3309,164
CMP007,T007,paid_social,2026-02-09,3299.21,274934,2762,147
CMP008,T006,store_featured,2025-11-24,2531.7,421950,16641,3910
CMP008,T006,store_featured,2025-12-01,5126.62,854436,29419,5681
CMP008,T006,store_featured,2025-12-08,5143.96,857326,33189,6957
CMP008,T006,store_featured,2025-12-15,4841.48,806913,36727,9654
