session_id,player_id,title_id,platform,session_start_at,session_end_at,duration_seconds,device_model,app_version,country_code,levels_completed,crashed_flag,network_type,_loaded_at
S0001,P001,T005,steam,2025-08-20 01:55:53,2025-08-20 02:29:34,2021,PC (Linux),3.0.0, us,8,False,wifi,2026-08-05 06:00:00
S0002,P002,T005,xbox,2025-08-18 20:34:07,2025-08-18 20:53:38,1171,Xbox Series S,3.0.0,Us ,7,False,wifi,2026-08-05 06:00:00
S0003,P002,T005,ios,2025-08-24 17:56:10,2025-08-24 18:05:20,550,iPhone 14,3.0.0,de ,2,False,cellular,2026-08-05 06:00:00
S0004,P002,T005,playstation,2025-09-01 03:51:46,2025-09-01 04:32:27,2441,PS5,3.0.0, DE,5,False,wifi,2026-08-05 06:00:00
S0005,P002,T005,playstation,2025-09-02 21:27:52,2025-09-02 22:08:58,2466,PS5,3.0.0,Gb,8,False,wifi,2026-08-05 06:00:00
S0006,P002,T005,ios,2025-09-08 18:56:54,2025-09-08 19:19:27,1353,iPhone 13,3.0.0,jp ,0,False,cellular,2026-08-05 06:00:00
S0007,P002,T005,android,2025-09-16 16:39:21,2025-09-16 17:04:07,1486,Pixel 7,3.1.0, Kr,3,False,cellular,2026-08-05 06:00:00
S0008,P002,T005,steam,2025-09-30 18:42:41,2025-09-30 19:17:38,2097,PC (Windows),3.1.0,us,2,False,wifi,2026-08-05 06:00:00
S0009,P002,T005,ios,2025-10-11 09:44:34,2025-10-11 10:01:30,1016,iPad Air,3.1.0,Br ,2,False,wifi,2026-08-05 06:00:00
S0010,P002,T005,steam,2025-10-17 17:37:46,2025-10-17 18:50:18,4352,Steam Deck,3.1.0,GB ,2,False,ethernet,2026-08-05 06:00:00
S0011,P002,T005,ios,2025-11-10 10:19:14,2025-11-10 10:25:43,389,iPhone 13,3.1.0, de,0,False,cellular,2026-08-05 06:00:00
S0012,P002,T005,playstation,2025-12-07 08:25:02,2025-12-07 08:43:26,1104,PS5,3.2.1,Jp,7,True,wifi,2026-08-05 06:00:00
S0013,P002,T005,android,2026-01-08 13:40:00,2026-01-08 13:43:37,217,OnePlus 11,3.3.0,kr,2,False,cellular,2026-08-05 06:00:00
S0014,P003,T005,android,2025-08-27 23:49:03,2025-08-27 23:57:02,479,OnePlus 11,3.0.0, gb,2,False,cellular,2026-08-05 06:00:00
S0015,P003,T005,ios,2025-09-03 22:53:14,2025-09-03 23:04:06,652,iPhone 14,3.0.0,US ,1,False,wifi,2026-08-05 06:00:00
S0016,P003,T005,steam,2025-09-03 12:34:06,2025-09-03 13:22:47,2921,PC (Linux),3.0.0,DE,6,False,wifi,2026-08-05 06:00:00
S0017,P003,T005,ios,2025-09-11 13:50:38,2025-09-11 13:56:15,337,iPad Air,3.1.0,DE,0,False,cellular,2026-08-05 06:00:00
S0018,P003,T005,ios,2025-09-14 20:04:08,2025-09-14 20:21:27,1039,iPad Air,3.1.0,DE,2,False,cellular,2026-08-05 06:00:00
S0019,P003,T005,xbox,2025-09-15 03:06:48,2025-09-15 03:34:59,1691,Xbox Series X,3.1.0,DE,4,False,wifi,2026-08-05 06:00:00
S0020,P004,T005,android,2025-08-18 18:11:58,2025-08-18 18:27:08,910,OnePlus 11,3.0.0,GB,2,False,wifi,2026-08-05 06:00:00
S0021,P005,T005,steam,2025-08-23 17:12:06,,,PC (Linux),3.0.0,CA,3,True,wifi,2026-08-05 06:00:00
S0022,P005,T005,android,2025-08-28 13:31:45,,,Galaxy S23,3.0.0,CA,2,True,cellular,2026-08-05 06:00:00
S0023,P006,T005,steam,2025-08-29 20:04:23,,,PC (Linux),3.0.0,US,7,True,wifi,2026-08-05 06:00:00
S0024,P006,T005,xbox,2025-08-31 15:06:54,,,Xbox One,3.0.0,US,5,True,ethernet,2026-08-05 06:00:00
S0025,P006,T005,ios,2025-09-02 13:12:48,2025-09-02 13:35:18,1350,iPhone 13,3.0.0,US,1,False,wifi,2026-08-05 06:00:00
S0026,P006,T005,steam,2025-09-09 18:48:08,2025-09-09 19:58:10,4202,PC (Linux),3.0.0,US,8,False,ethernet,2026-08-05 06:00:00
S0027,P006,T005,playstation,2025-09-17 12:35:53,2025-09-17 12:59:17,1404,PS5,3.1.0,US,6,False,wifi,2026-08-05 06:00:00
S0028,P006,T005,ios,2025-09-19 16:26:59,2025-09-19 16:51:09,1450,iPhone 13,3.1.0,US,1,False,cellular,2026-08-05 06:00:00
S0029,P007,T005,ios,2025-08-19 10:42:18,2025-08-19 11:02:15,1197,iPhone 15,3.0.0,JP,3,False,wifi,2026-08-05 06:00:00
S0030,P008,T007,ios,2025-08-27 21:23:04,2025-08-27 21:29:48,404,iPhone 15,2.4.0,DE,0,False,cellular,2026-08-05 06:00:00
S0031,P009,T005,steam,2025-08-11 12:48:38,2025-08-12 01:48:38,46800,Steam Deck,3.0.0,GB,0,False,wifi,2026-08-05 06:00:00
S0032,P010,T007,ios,2025-08-03 20:24:17,2025-08-04 16:14:17,71400,iPad Air,2.4.0,US,3,False,cellular,2026-08-05 06:00:00
S0033,P011,T005,xbox,2025-09-09 11:46:59,2025-09-09 12:35:09,2890,Xbox Series S,3.0.0,GB,7,True,wifi,2026-08-05 06:00:00
S0034,P012,T005,steam,2025-09-18 14:19:30,2025-09-18 15:06:11,2801,PC (Linux),3.1.0,DE,5,False,ethernet,2026-08-05 06:00:00
S0035,P012,T005,steam,2025-09-30 12:06:46,2025-09-30 13:11:17,3871,Steam Deck,3.1.0,DE,8,True,ethernet,2026-08-05 06:00:00
S0036,P013,T005,ios,2025-09-20 18:10:56,2025-09-20 18:26:01,905,iPad Air,3.1.0,DE,3,False,cellular,2026-08-05 06:00:00
S0037,P014,T007,ios,2025-09-18 19:16:25,2025-09-18 19:20:39,254,iPad Air,2.4.0,GB,1,False,wifi,2026-08-05 06:00:00
S0038,P014,T007,ios,2025-09-27 09:20:24,2025-09-27 09:42:12,1308,iPhone 15,2.4.0,GB,1,False,cellular,2026-08-05 06:00:00
S0039,P015,T007,android,2025-09-24 20:47:18,2025-09-24 21:03:58,1000,Pixel 7,2.4.0,DE,3,False,cellular,2026-08-05 06:00:00
S0040,P016,T005,playstation,2025-09-19 21:26:35,2025-09-19 21:48:04,1289,PS5,3.1.0,US,5,False,ethernet,2026-08-05 06:00:00
S0041,P016,T005,steam,2025-10-02 13:42:58,2025-10-02 14:18:46,2148,PC (Windows),3.1.0,US,4,False,wifi,2026-08-05 06:00:00
S0042,P016,T005,xbox,2025-10-05 15:25:41,2025-10-05 15:51:15,1534,Xbox One,3.1.0,US,6,False,ethernet,2026-08-05 06:00:00
S0043,P016,T005,android,2025-10-12 14:50:05,2025-10-12 15:12:06,1321,Pixel 7,3.1.0,US,2,False,wifi,2026-08-05 06:00:00
S0044,P016,T005,ios,2025-10-19 21:02:21,2025-10-19 21:26:37,1456,iPhone 15,3.1.0,US,0,False,wifi,2026-08-05 06:00:00
S0045,P016,T005,ios,2025-10-23 11:08:47,2025-10-23 11:33:10,1463,iPhone 15,3.1.0,US,1,False,wifi,2026-08-05 06:00:00
S0046,P016,T005,ios,2025-11-06 11:39:36,2025-11-06 12:01:46,1330,iPhone 13,3.1.0,US,1,False,cellular,2026-08-05 06:00:00
S0047,P016,T005,android,2025-11-14 19:32:01,2025-11-14 19:44:36,755,Galaxy S23,3.1.0,US,2,False,wifi,2026-08-05 06:00:00
S0048,P016,T005,playstation,2025-12-15 19:49:22,2025-12-15 20:24:27,2105,PS5,3.2.1,US,6,False,ethernet,2026-08-05 06:00:00
S0049,P016,T005,xbox,2026-01-10 17:33:06,2026-01-10 18:13:37,2431,Xbox One,3.3.0,US,2,False,ethernet,2026-08-05 06:00:00
S0050,P016,T005,playstation,2026-02-08 14:33:19,2026-02-08 14:55:52,1353,PS5,3.4.0,US,6,False,wifi,2026-08-05 06:00:00
S0051,P016,T005,ios,2026-02-11 22:55:08,2026-02-11 23:08:45,817,iPhone 14,3.4.0,US,2,False,cellular,2026-08-05 06:00:00
S0052,P017,T005,steam,2025-09-26 20:24:44,2025-09-26 21:42:02,4638,Steam Deck,3.1.0,GB,6,False,ethernet,2026-08-05 06:00:00
S0053,P018,T005,steam,2025-09-08 13:43:29,2025-09-08 14:53:38,4209,Steam Deck,3.0.0,MX,4,False,ethernet,2026-08-05 06:00:00
S0054,P019,T005,steam,2025-09-02 20:21:29,2025-09-02 21:30:54,4165,PC (Windows),3.0.0,DE,6,False,wifi,2026-08-05 06:00:00
S0055,P020,T005,ios,2025-09-18 17:46:20,2025-09-18 18:03:20,1020,iPhone 14,3.1.0,US,2,False,wifi,2026-08-05 06:00:00
S0056,P020,T005,xbox,2025-09-24 22:49:20,2025-09-24 23:35:20,2760,Xbox Series S,3.1.0,US,5,False,ethernet,2026-08-05 06:00:00
S0057,P020,T005,ios,2025-10-01 13:05:45,2025-10-01 13:14:54,549,iPhone 14,3.1.0,US,0,False,wifi,2026-08-05 06:00:00
S0058,P020,T005,android,2025-09-28 22:00:13,2025-09-28 22:10:31,618,OnePlus 11,3.1.0,US,3,False,cellular,2026-08-05 06:00:00
S0059,P020,T005,steam,2025-10-07 06:56:53,2025-10-07 07:31:17,2064,PC (Linux),3.1.0,US,7,False,ethernet,2026-08-05 06:00:00
S0060,P020,T005,steam,2025-10-05 19:01:53,2025-10-05 20:07:47,3954,Steam Deck,3.1.0,US,0,False,wifi,2026-08-05 06:00:00
S0061,P021,T007,ios,2025-10-20 06:43:43,2025-10-20 06:50:29,406,iPad Air,2.5.1,BR,3,False,cellular,2026-08-05 06:00:00
S0062,P022,T005,xbox,2025-10-22 23:35:45,2025-10-23 00:53:34,4669,Xbox One,3.1.0,BR,0,False,wifi,2026-08-05 06:00:00
S0063,P022,T005,ios,2025-10-29 20:53:45,2025-10-29 21:08:13,868,iPad Air,3.1.0,BR,2,False,wifi,2026-08-05 06:00:00
S0064,P022,T005,ios,2025-10-30 07:38:24,2025-10-30 07:55:50,1046,iPhone 15,3.1.0,BR,0,True,cellular,2026-08-05 06:00:00
S0065,P022,T005,xbox,2025-11-04 20:02:48,2025-11-04 20:48:59,2771,Xbox One,3.1.0,BR,2,False,wifi,2026-08-05 06:00:00
S0066,P022,T005,steam,2025-11-13 15:38:50,2025-11-13 17:00:49,4919,PC (Linux),3.1.0,BR,1,False,wifi,2026-08-05 06:00:00
S0067,P022,T005,playstation,2025-11-21 23:38:34,2025-11-22 01:02:34,5040,PS4,3.2.1,BR,6,False,wifi,2026-08-05 06:00:00
S0068,P022,T005,ios,2025-12-03 11:52:11,2025-12-03 12:12:14,1203,iPhone 15,3.2.1,BR,2,False,wifi,2026-08-05 06:00:00
S0069,P022,T005,ios,2025-12-20 10:07:06,2025-12-20 10:19:02,716,iPhone 15,3.3.0,BR,2,False,wifi,2026-08-05 06:00:00
S0070,P022,T005,xbox,2025-12-19 20:06:16,2025-12-19 20:26:29,1213,Xbox Series X,3.3.0,BR,1,False,wifi,2026-08-05 06:00:00
S0071,P022,T005,android,2026-01-16 12:59:28,2026-01-16 13:12:43,795,Galaxy S23,3.3.0,BR,1,False,cellular,2026-08-05 06:00:00
S0072,P022,T005,steam,2026-02-11 17:37:53,2026-02-11 18:21:39,2626,Steam Deck,3.4.0,BR,5,False,ethernet,2026-08-05 06:00:00
S0073,P022,T005,xbox,2026-03-10 17:01:36,2026-03-10 18:27:36,5160,Xbox One,4.0.0,BR,6,False,wifi,2026-08-05 06:00:00
S0074,P023,T005,xbox,2025-10-15 21:33:51,2025-10-15 22:45:28,4297,Xbox One,3.1.0,CA,5,False,ethernet,2026-08-05 06:00:00
S0075,P023,T005,ios,2025-10-19 15:30:20,2025-10-19 15:53:07,1367,iPhone 13,3.1.0,CA,3,False,cellular,2026-08-05 06:00:00
S0076,P024,T005,ios,2025-10-07 15:55:41,2025-10-07 16:20:02,1461,iPad Air,3.1.0,US,1,False,cellular,2026-08-05 06:00:00
S0077,P024,T005,playstation,2025-10-19 20:46:15,2025-10-19 22:04:55,4720,PS5,3.1.0,US,5,False,wifi,2026-08-05 06:00:00
S0078,P024,T005,android,2025-10-18 14:07:46,2025-10-18 14:30:14,1348,Pixel 8,3.1.0,US,3,False,wifi,2026-08-05 06:00:00
S0079,P024,T005,ios,2025-10-25 13:51:02,2025-10-25 14:04:29,807,iPhone 14,3.1.0,US,3,False,wifi,2026-08-05 06:00:00
S0080,P024,T005,playstation,2025-10-28 15:24:37,2025-10-28 16:39:48,4511,PS4,3.1.0,US,0,False,ethernet,2026-08-05 06:00:00
S0081,P024,T005,xbox,2025-10-31 18:58:31,2025-10-31 19:41:41,2590,Xbox Series S,3.1.0,US,5,False,ethernet,2026-08-05 06:00:00
S0082,P025,T005,playstation,2025-10-16 14:57:41,2025-10-16 16:11:44,4443,PS4,3.1.0,US,5,False,ethernet,2026-08-05 06:00:00
S0083,P025,T005,playstation,2025-10-17 03:06:54,2025-10-17 04:28:12,4878,PS5,3.1.0,US,7,False,wifi,2026-08-05 06:00:00
S0084,P025,T005,ios,2025-10-28 16:59:41,2025-10-28 17:05:51,370,iPhone 15,3.1.0,US,0,False,wifi,2026-08-05 06:00:00
S0085,P025,T005,ios,2025-10-26 17:13:19,2025-10-26 17:21:45,506,iPhone 13,3.1.0,US,1,False,wifi,2026-08-05 06:00:00
S0086,P025,T005,steam,2025-10-26 19:35:10,2025-10-26 19:55:33,1223,Steam Deck,3.1.0,US,1,False,ethernet,2026-08-05 06:00:00
S0087,P025,T005,ios,2025-11-03 21:57:58,2025-11-03 22:18:36,1238,iPhone 15,3.1.0,US,0,False,wifi,2026-08-05 06:00:00
S0088,P025,T005,steam,2025-10-29 13:15:47,2025-10-29 13:55:48,2401,Steam Deck,3.1.0,US,3,False,ethernet,2026-08-05 06:00:00
S0089,P025,T005,ios,2025-11-05 21:05:37,2025-11-05 21:08:53,196,iPad Air,3.1.0,US,2,False,cellular,2026-08-05 06:00:00
S0090,P025,T005,ios,2025-11-07 02:52:50,2025-11-07 03:13:22,1232,iPhone 15,3.1.0,US,0,False,wifi,2026-08-05 06:00:00
S0091,P025,T005,ios,2025-11-18 09:12:58,2025-11-18 09:24:11,673,iPhone 13,3.2.0,US,0,False,wifi,2026-08-05 06:00:00
S0092,P025,T005,playstation,2025-11-25 11:54:15,2025-11-25 12:39:24,2709,PS4,3.2.1,US,5,False,wifi,2026-08-05 06:00:00
S0093,P025,T005,xbox,2025-11-29 20:49:18,2025-11-29 22:11:20,4922,Xbox Series S,3.2.1,US,3,False,wifi,2026-08-05 06:00:00
S0094,P025,T005,ios,2025-12-16 17:31:07,2025-12-16 17:35:03,236,iPhone 13,3.2.1,US,0,False,cellular,2026-08-05 06:00:00
S0095,P025,T005,ios,2025-12-13 14:25:32,2025-12-13 14:35:54,622,iPhone 13,3.2.1,US,3,False,cellular,2026-08-05 06:00:00
S0096,P025,T005,android,2025-12-27 23:52:21,2025-12-28 00:01:04,523,Pixel 7,3.3.0,US,0,False,cellular,2026-08-05 06:00:00
S0097,P025,T005,steam,2026-01-12 22:36:04,2026-01-12 23:17:36,2492,PC (Windows),3.3.0,US,5,False,ethernet,2026-08-05 06:00:00
S0098,P025,T005,android,2026-02-09 20:41:34,2026-02-09 20:58:07,993,Pixel 7,3.4.0,US,2,False,cellular,2026-08-05 06:00:00
S0099,P025,T005,ios,2026-03-06 13:52:49,2026-03-06 14:12:48,1199,iPhone 13,3.5.0,US,0,False,cellular,2026-08-05 06:00:00
S0100,P025,T005,steam,2026-04-20 12:21:43,2026-04-20 13:27:25,3942,PC (Linux),4.1.0,US,6,False,wifi,2026-08-05 06:00:00
S0101,P025,T005,android,2026-05-31 11:41:47,2026-05-31 11:49:59,492,Galaxy S23,4.2.0,US,2,False,cellular,2026-08-05 06:00:00
S0102,P025,T005,steam,2026-07-22 05:54:42,2026-07-22 07:08:47,4445,Steam Deck,4.4.0,US,4,False,ethernet,2026-08-05 06:00:00
S0103,P026,T007,android,2025-10-17 21:54:56,2025-10-17 22:17:01,1325,OnePlus 11,2.5.1,US,1,False,wifi,2026-08-05 06:00:00
S0104,P026,T007,ios,2025-10-25 10:25:23,2025-10-25 10:46:04,1241,iPhone 15,2.5.1,US,1,False,wifi,2026-08-05 06:00:00
S0105,P027,T005,playstation,2025-10-17 15:58:07,2025-10-17 16:54:37,3390,PS5,3.1.0,GB,4,False,ethernet,2026-08-05 06:00:00
S0106,P027,T005,xbox,2025-10-19 07:47:56,2025-10-19 08:56:14,4098,Xbox One,3.1.0,GB,5,False,ethernet,2026-08-05 06:00:00
S0107,P027,T005,android,2025-10-22 04:14:27,2025-10-22 04:37:25,1378,Galaxy S23,3.1.0,GB,0,False,cellular,2026-08-05 06:00:00
S0108,P027,T005,playstation,2025-10-22 18:59:39,2025-10-22 19:29:15,1776,PS4,3.1.0,GB,0,False,ethernet,2026-08-05 06:00:00
S0109,P027,T005,android,2025-10-27 18:42:51,2025-10-27 18:57:33,882,OnePlus 11,3.1.0,GB,3,False,wifi,2026-08-05 06:00:00
S0110,P027,T005,playstation,2025-11-07 21:28:25,2025-11-07 21:50:48,1343,PS5,3.1.0,GB,3,False,ethernet,2026-08-05 06:00:00
S0111,P028,T005,steam,2025-10-17 14:49:42,2025-10-17 16:02:28,4366,PC (Linux),3.1.0,US,0,False,wifi,2026-08-05 06:00:00
S0112,P028,T005,steam,2025-10-21 17:01:26,2025-10-21 17:46:56,2730,PC (Windows),3.1.0,US,1,False,wifi,2026-08-05 06:00:00
S0113,P029,T005,playstation,2025-10-23 13:21:22,2025-10-23 14:02:25,2463,PS4,3.1.0,DE,6,False,ethernet,2026-08-05 06:00:00
S0114,P030,T007,android,2025-10-26 00:57:01,2025-10-26 01:14:04,1023,OnePlus 11,2.5.1,CA,3,False,wifi,2026-08-05 06:00:00
S0115,P031,T005,playstation,2025-11-18 21:38:13,2025-11-18 22:52:20,4447,PS4,3.2.0,DE,7,False,ethernet,2026-08-05 06:00:00
S0116,P032,T005,playstation,2025-11-30 16:14:19,2025-11-30 16:49:38,2119,PS5,3.2.1,AU,2,True,wifi,2026-08-05 06:00:00
S0117,P032,T005,android,2025-12-05 20:56:44,2025-12-05 21:06:49,605,Galaxy S23,3.2.1,AU,3,False,wifi,2026-08-05 06:00:00
S0118,P032,T005,ios,2025-12-07 17:00:17,2025-12-07 17:12:49,752,iPhone 13,3.2.1,AU,2,False,wifi,2026-08-05 06:00:00
S0119,P032,T005,playstation,2025-12-08 11:34:07,2025-12-08 12:48:24,4457,PS4,3.2.1,AU,2,False,wifi,2026-08-05 06:00:00
S0120,P032,T005,playstation,2025-12-19 11:03:42,2025-12-19 12:31:12,5250,PS5,3.3.0,AU,2,False,wifi,2026-08-05 06:00:00
S0121,P032,T005,ios,2025-12-15 21:09:24,2025-12-15 21:26:23,1019,iPad Air,3.2.1,AU,0,False,wifi,2026-08-05 06:00:00
S0122,P033,T007,ios,2025-11-12 19:01:35,2025-11-12 19:09:02,447,iPhone 14,2.5.1,MX,1,False,wifi,2026-08-05 06:00:00
S0123,P034,T005,ios,2025-11-20 15:37:46,2025-11-20 15:59:51,1325,iPhone 15,3.2.1,US,0,False,wifi,2026-08-05 06:00:00
S0124,P035,T005,xbox,2025-11-23 12:45:04,2025-11-23 13:51:56,4012,Xbox One,3.2.1,US,1,False,wifi,2026-08-05 06:00:00
S0125,P035,T005,android,2025-12-03 14:15:05,2025-12-03 14:30:47,942,Pixel 8,3.2.1,US,2,False,cellular,2026-08-05 06:00:00
S0126,P035,T005,ios,2025-12-10 12:42:26,2025-12-10 12:57:02,876,iPhone 15,3.2.1,US,0,False,cellular,2026-08-05 06:00:00
S0127,P035,T005,steam,2025-12-09 15:50:55,2025-12-09 17:16:45,5150,Steam Deck,3.2.1,US,6,False,ethernet,2026-08-05 06:00:00
S0128,P035,T005,steam,2025-12-17 19:22:56,2025-12-17 20:24:03,3667,Steam Deck,3.2.1,US,3,False,ethernet,2026-08-05 06:00:00
S0129,P035,T005,ios,2025-12-19 03:51:56,2025-12-19 03:56:55,299,iPhone 14,3.3.0,US,0,False,wifi,2026-08-05 06:00:00
S0130,P036,T005,ios,2025-11-21 13:11:08,2025-11-21 13:21:56,648,iPhone 14,3.2.1,GB,3,False,wifi,2026-08-05 06:00:00
S0131,P037,T005,android,2025-11-27 20:55:11,2025-11-27 21:02:50,459,Pixel 7,3.2.1,KR,1,False,wifi,2026-08-05 06:00:00
S0132,P037,T005,playstation,2025-12-06 01:35:03,2025-12-06 03:01:33,5190,PS4,3.2.1,KR,4,False,ethernet,2026-08-05 06:00:00
S0133,P037,T005,ios,2025-12-11 13:13:15,2025-12-11 13:29:36,981,iPad Air,3.2.1,KR,3,False,cellular,2026-08-05 06:00:00
S0134,P037,T005,steam,2025-12-11 22:36:30,2025-12-11 23:23:12,2802,PC (Linux),3.2.1,KR,2,False,wifi,2026-08-05 06:00:00
S0135,P037,T005,playstation,2025-12-18 22:31:47,2025-12-19 00:01:09,5362,PS5,3.3.0,KR,8,False,wifi,2026-08-05 06:00:00
S0136,P037,T005,steam,2025-12-22 14:04:26,2025-12-22 15:32:02,5256,Steam Deck,3.3.0,KR,8,False,ethernet,2026-08-05 06:00:00
S0137,P037,T005,playstation,2026-01-03 09:28:24,2026-01-03 10:36:38,4094,PS5,3.3.0,KR,1,False,wifi,2026-08-05 06:00:00
S0138,P037,T005,ios,2026-01-07 02:51:32,2026-01-07 03:13:29,1317,iPhone 14,3.3.0,KR,1,False,wifi,2026-08-05 06:00:00
S0139,P037,T005,ios,2026-01-21 16:02:39,2026-01-21 16:20:04,1045,iPhone 15,3.3.0,KR,1,False,wifi,2026-08-05 06:00:00
S0140,P037,T005,steam,2026-02-06 12:14:04,2026-02-06 13:40:05,5161,Steam Deck,3.4.0,KR,6,False,ethernet,2026-08-05 06:00:00
S0141,P037,T005,ios,2026-02-16 08:42:03,2026-02-16 08:50:02,479,iPhone 14,3.5.0,KR,3,False,wifi,2026-08-05 06:00:00
S0142,P037,T005,steam,2026-03-19 15:17:31,2026-03-19 16:10:08,3157,PC (Windows),4.0.2,KR,5,False,wifi,2026-08-05 06:00:00
S0143,P037,T005,ios,2026-03-19 20:40:28,2026-03-19 21:04:46,1458,iPhone 15,4.0.2,KR,2,False,wifi,2026-08-05 06:00:00
S0144,P037,T005,playstation,2026-04-13 21:07:16,2026-04-13 21:51:02,2626,PS4,4.0.2,KR,6,False,ethernet,2026-08-05 06:00:00
S0145,P037,T005,ios,2026-04-14 18:08:18,2026-04-14 18:22:21,843,iPhone 15,4.0.2,KR,1,False,cellular,2026-08-05 06:00:00
S0146,P037,T005,steam,2026-04-14 10:13:08,2026-04-14 11:27:19,4451,PC (Linux),4.0.2,KR,0,False,ethernet,2026-08-05 06:00:00
S0147,P037,T005,steam,2026-05-29 13:27:13,2026-05-29 13:44:50,1057,Steam Deck,4.2.0,KR,1,False,wifi,2026-08-05 06:00:00
S0148,P037,T005,steam,2026-05-29 18:30:03,2026-05-29 19:52:16,4933,Steam Deck,4.2.0,KR,6,False,wifi,2026-08-05 06:00:00
S0149,P037,T005,steam,2026-07-09 11:15:29,2026-07-09 11:37:37,1328,PC (Windows),4.3.0,KR,7,False,ethernet,2026-08-05 06:00:00
S0150,P038,T005,playstation,2025-11-04 19:21:06,2025-11-04 20:02:30,2484,PS4,3.1.0,US,5,False,ethernet,2026-08-05 06:00:00
S0151,P038,T005,android,2025-11-15 18:44:17,2025-11-15 18:59:43,926,Pixel 7,3.2.0,US,1,False,cellular,2026-08-05 06:00:00
S0152,P038,T005,steam,2025-11-15 15:19:55,2025-11-15 16:13:28,3213,PC (Linux),3.2.0,US,6,False,ethernet,2026-08-05 06:00:00
S0153,P038,T005,steam,2025-11-16 13:33:09,2025-11-16 14:03:18,1809,Steam Deck,3.2.0,US,5,False,ethernet,2026-08-05 06:00:00
S0154,P038,T005,playstation,2025-11-21 19:34:31,2025-11-21 20:28:02,3211,PS4,3.2.1,US,2,False,wifi,2026-08-05 06:00:00
S0155,P038,T005,xbox,2025-11-24 05:30:10,2025-11-24 06:53:45,5015,Xbox Series S,3.2.1,US,0,False,wifi,2026-08-05 06:00:00
S0156,P039,T007,ios,2025-11-23 14:53:29,2025-11-23 15:13:23,1194,iPhone 15,2.5.1,US,2,False,cellular,2026-08-05 06:00:00
S0157,P040,T005,xbox,2025-11-30 14:48:54,2025-11-30 15:36:43,2869,Xbox Series X,3.2.1,US,7,False,ethernet,2026-08-05 06:00:00
S0158,P041,T007,android,2025-12-25 04:01:54,2025-12-25 04:16:02,848,Galaxy S23,2.6.0,GB,3,False,wifi,2026-08-05 06:00:00
S0159,P042,T005,steam,2025-12-17 20:16:30,2025-12-17 20:36:15,1185,PC (Windows),3.2.1,US,7,False,ethernet,2026-08-05 06:00:00
S0160,P042,T005,ios,2025-12-20 21:47:48,2025-12-20 21:59:06,678,iPhone 14,3.3.0,US,0,False,wifi,2026-08-05 06:00:00
S0161,P043,T007,android,2025-12-30 22:54:57,2025-12-30 23:04:02,545,Pixel 7,2.6.0,AU,2,False,cellular,2026-08-05 06:00:00
S0162,P043,T007,ios,2026-01-05 18:36:17,2026-01-05 18:48:26,729,iPad Air,2.6.0,AU,0,False,wifi,2026-08-05 06:00:00
S0163,P044,T005,steam,2025-12-06 06:36:21,2025-12-06 07:49:25,4384,PC (Windows),3.2.1,US,5,False,ethernet,2026-08-05 06:00:00
S0164,P044,T005,xbox,2025-12-15 15:46:09,2025-12-15 16:06:38,1229,Xbox One,3.2.1,US,8,False,ethernet,2026-08-05 06:00:00
S0165,P044,T005,playstation,2025-12-14 19:57:15,2025-12-14 21:03:19,3964,PS4,3.2.1,US,3,False,ethernet,2026-08-05 06:00:00
S0166,P044,T005,ios,2025-12-21 16:59:39,2025-12-21 17:21:23,1304,iPhone 14,3.3.0,US,3,False,wifi,2026-08-05 06:00:00
S0167,P044,T005,steam,2025-12-28 18:32:53,2025-12-28 19:45:26,4353,PC (Windows),3.3.0,US,3,False,ethernet,2026-08-05 06:00:00
S0168,P044,T005,android,2026-01-08 20:07:00,2026-01-08 20:27:56,1256,OnePlus 11,3.3.0,US,2,False,cellular,2026-08-05 06:00:00
S0169,P044,T005,xbox,2026-01-22 13:32:58,2026-01-22 14:33:28,3630,Xbox Series S,3.4.0,US,4,False,wifi,2026-08-05 06:00:00
S0170,P044,T005,xbox,2026-02-05 20:58:09,2026-02-05 21:53:37,3328,Xbox Series X,3.4.0,US,8,False,ethernet,2026-08-05 06:00:00
S0171,P044,T005,ios,2026-02-05 14:43:36,2026-02-05 15:00:08,992,iPhone 14,3.4.0,US,0,False,cellular,2026-08-05 06:00:00
S0172,P044,T005,xbox,2026-02-28 18:03:15,2026-02-28 19:05:57,3762,Xbox One,3.5.0,US,2,False,wifi,2026-08-05 06:00:00
S0173,P044,T005,ios,2026-03-28 09:24:54,2026-03-28 09:30:06,312,iPad Air,4.0.2,US,3,False,wifi,2026-08-05 06:00:00
S0174,P044,T005,ios,2026-04-26 16:21:43,2026-04-26 16:46:37,1494,iPhone 14,4.1.0,US,3,False,wifi,2026-08-05 06:00:00
S0175,P045,T007,steam,2025-12-11 12:38:39,2025-12-11 13:05:45,1626,PC (Windows),2.6.0,DE,5,False,ethernet,2026-08-05 06:00:00
S0176,P046,T005,ios,2025-12-11 18:19:04,2025-12-11 18:38:46,1182,iPhone 15,3.2.1,US,0,False,cellular,2026-08-05 06:00:00
S0177,P046,T005,playstation,2025-12-18 08:08:03,2025-12-18 08:43:48,2145,PS4,3.3.0,US,1,False,ethernet,2026-08-05 06:00:00
S0178,P047,T005,ios,2025-12-14 19:57:41,2025-12-14 20:10:14,753,iPad Air,3.2.1,US,0,False,wifi,2026-08-05 06:00:00
S0179,P048,T005,android,2025-12-28 21:17:20,2025-12-28 21:24:30,430,Pixel 8,3.3.0,BR,0,False,cellular,2026-08-05 06:00:00
S0180,P049,T007,ios,2025-12-29 20:40:26,2025-12-29 21:00:47,1221,iPhone 13,2.6.0,GB,2,False,cellular,2026-08-05 06:00:00
S0181,P050,T005,steam,2025-12-20 01:39:12,2025-12-20 02:34:33,3321,Steam Deck,3.3.0,JP,4,False,wifi,2026-08-05 06:00:00
S0182,P050,T005,android,2025-12-28 17:37:31,2025-12-28 17:51:21,830,Pixel 8,3.3.0,JP,3,False,cellular,2026-08-05 06:00:00
S0183,P050,T005,playstation,2026-01-02 21:34:11,2026-01-02 22:16:20,2529,PS5,3.3.0,JP,2,False,ethernet,2026-08-05 06:00:00
S0184,P050,T005,ios,2026-01-04 03:28:45,2026-01-04 03:38:01,556,iPhone 13,3.3.0,JP,0,False,cellular,2026-08-05 06:00:00
S0185,P050,T005,ios,2026-01-11 11:30:57,2026-01-11 11:43:03,726,iPhone 14,3.3.0,JP,0,False,wifi,2026-08-05 06:00:00
S0186,P050,T005,android,2026-01-15 12:40:23,2026-01-15 12:54:11,828,Pixel 8,3.3.0,JP,1,False,wifi,2026-08-05 06:00:00
S0187,P051,T005,playstation,2026-01-06 16:30:28,2026-01-06 17:46:38,4570,PS4,3.3.0,US,2,False,wifi,2026-08-05 06:00:00
S0188,P051,T005,android,2026-01-17 18:59:42,2026-01-17 19:06:37,415,OnePlus 11,3.3.0,US,0,False,wifi,2026-08-05 06:00:00
S0189,P052,T007,ios,2026-01-15 19:47:56,2026-01-15 20:08:03,1207,iPad Air,2.6.0,US,2,False,cellular,2026-08-05 06:00:00
S0190,P052,T007,steam,2026-01-18 18:01:10,2026-01-18 19:05:50,3880,Steam Deck,2.6.0,US,6,False,ethernet,2026-08-05 06:00:00
S0191,P053,T005,steam,2026-01-27 12:12:13,2026-01-27 12:56:39,2666,Steam Deck,3.4.0,DE,7,False,wifi,2026-08-05 06:00:00
S0192,P054,T007,steam,2026-01-21 18:49:47,2026-01-21 19:56:54,4027,Steam Deck,2.6.0,GB,8,False,wifi,2026-08-05 06:00:00
S0193,P055,T007,steam,2026-01-20 14:09:31,2026-01-20 14:35:58,1587,PC (Windows),2.6.0,KR,7,False,wifi,2026-08-05 06:00:00
S0194,P056,T007,android,2026-01-10 23:09:48,2026-01-10 23:33:51,1443,Galaxy S23,2.6.0,US,2,False,cellular,2026-08-05 06:00:00
S0195,P057,T005,playstation,2026-02-02 14:40:52,2026-02-02 15:01:22,1230,PS4,3.4.0,US,7,False,ethernet,2026-08-05 06:00:00
S0196,P058,T005,ios,2026-01-29 13:14:47,2026-01-29 13:27:31,764,iPhone 14,3.4.0,US,1,False,cellular,2026-08-05 06:00:00
S0197,P059,T005,steam,2026-01-17 14:45:58,2026-01-17 15:53:22,4044,Steam Deck,3.3.0,US,1,False,wifi,2026-08-05 06:00:00
S0198,P060,T005,android,2026-01-11 01:21:26,2026-01-11 01:42:06,1240,OnePlus 11,3.3.0,US,0,False,cellular,2026-08-05 06:00:00
S0199,P061,T005,playstation,2026-02-27 12:13:48,2026-02-27 13:43:09,5361,PS4,3.5.0,JP,1,False,ethernet,2026-08-05 06:00:00
S0200,P062,T007,ios,2026-03-04 17:27:20,2026-03-04 17:33:19,359,iPhone 14,2.7.0,US,0,False,wifi,2026-08-05 06:00:00
S0201,P063,T005,playstation,2026-02-12 12:30:32,2026-02-12 12:49:10,1118,PS5,3.4.0,JP,0,True,ethernet,2026-08-05 06:00:00
S0202,P064,T007,android,2026-02-26 19:13:01,2026-02-26 19:16:43,222,OnePlus 11,2.7.0,US,2,False,cellular,2026-08-05 06:00:00
S0203,P064,T007,android,2026-03-03 12:25:31,2026-03-03 12:49:06,1415,OnePlus 11,2.7.0,US,3,False,cellular,2026-08-05 06:00:00
S0204,P065,T007,steam,2026-02-26 14:05:31,2026-02-26 14:29:03,1412,PC (Linux),2.7.0,US,6,False,ethernet,2026-08-05 06:00:00
S0205,P066,T007,android,2026-02-06 19:23:16,2026-02-06 19:46:48,1412,Pixel 7,2.6.0,US,3,False,wifi,2026-08-05 06:00:00
S0206,P067,T005,ios,2026-02-13 16:47:43,2026-02-13 16:55:34,471,iPhone 14,3.4.0,DE,3,False,wifi,2026-08-05 06:00:00
S0207,P067,T005,android,2026-02-19 15:39:43,2026-02-19 15:54:53,910,OnePlus 11,3.5.0,DE,0,False,wifi,2026-08-05 06:00:00
S0208,P067,T005,playstation,2026-03-03 18:28:41,2026-03-03 19:14:31,2750,PS4,3.5.0,DE,3,True,wifi,2026-08-05 06:00:00
S0209,P067,T005,steam,2026-03-04 05:57:23,2026-03-04 06:20:53,1410,Steam Deck,3.5.0,DE,6,False,ethernet,2026-08-05 06:00:00
S0210,P067,T005,steam,2026-03-04 10:31:48,2026-03-04 11:34:13,3745,PC (Windows),3.5.0,DE,7,False,ethernet,2026-08-05 06:00:00
S0211,P067,T005,playstation,2026-03-14 18:06:26,2026-03-14 19:25:58,4772,PS5,4.0.1,DE,1,True,wifi,2026-08-05 06:00:00
S0212,P067,T005,xbox,2026-03-24 20:41:19,2026-03-24 22:03:07,4908,Xbox Series S,4.0.2,DE,2,False,ethernet,2026-08-05 06:00:00
S0213,P067,T005,android,2026-03-22 18:25:43,2026-03-22 18:39:16,813,OnePlus 11,4.0.2,DE,1,False,wifi,2026-08-05 06:00:00
S0214,P067,T005,ios,2026-03-26 21:21:09,2026-03-26 21:31:17,608,iPad Air,4.0.2,DE,3,False,wifi,2026-08-05 06:00:00
S0215,P067,T005,xbox,2026-04-10 13:32:42,2026-04-10 14:53:52,4870,Xbox One,4.0.2,DE,8,False,wifi,2026-08-05 06:00:00
S0216,P067,T005,android,2026-04-27 01:46:40,2026-04-27 02:07:11,1231,Galaxy S23,4.1.0,DE,1,False,wifi,2026-08-05 06:00:00
S0217,P067,T005,steam,2026-05-12 09:57:04,2026-05-12 11:21:17,5053,Steam Deck,4.1.0,DE,8,False,wifi,2026-08-05 06:00:00
S0218,P067,T005,steam,2026-05-08 17:55:16,2026-05-08 18:33:13,2277,PC (Linux),4.1.0,DE,7,False,ethernet,2026-08-05 06:00:00
S0219,P067,T005,android,2026-06-05 15:44:06,2026-06-05 15:51:05,419,Galaxy S23,4.2.0,DE,1,False,cellular,2026-08-05 06:00:00
S0220,P067,T005,android,2026-06-07 10:45:54,2026-06-07 11:10:43,1489,OnePlus 11,4.2.0,DE,1,False,cellular,2026-08-05 06:00:00
S0221,P067,T005,android,2026-07-01 08:49:09,2026-07-01 09:05:48,999,Galaxy S23,4.3.0,DE,0,False,wifi,2026-08-05 06:00:00
S0222,P068,T005,playstation,2026-02-06 18:57:22,2026-02-06 19:24:44,1642,PS4,3.4.0,US,1,False,ethernet,2026-08-05 06:00:00
S0223,P069,T005,android,2026-02-23 19:03:19,2026-02-23 19:20:23,1024,Pixel 8,3.5.0,US,2,False,cellular,2026-08-05 06:00:00
S0224,P070,T007,ios,2026-02-14 19:12:47,2026-02-14 19:33:04,1217,iPhone 14,2.6.0,US,3,False,cellular,2026-08-05 06:00:00
S0225,P070,T007,ios,2026-02-21 14:23:25,2026-02-21 14:47:54,1469,iPhone 13,2.7.0,US,0,False,wifi,2026-08-05 06:00:00
S0226,P070,T007,ios,2026-02-18 09:52:51,2026-02-18 10:10:30,1059,iPhone 15,2.6.0,US,1,False,cellular,2026-08-05 06:00:00
S0227,P070,T007,steam,2026-02-27 17:55:27,2026-02-27 19:18:52,5005,PC (Windows),2.7.0,US,5,False,wifi,2026-08-05 06:00:00
S0228,P070,T007,ios,2026-03-05 22:44:18,2026-03-05 22:48:50,272,iPad Air,2.7.0,US,0,False,wifi,2026-08-05 06:00:00
S0229,P070,T007,ios,2026-03-13 18:26:27,2026-03-13 18:40:21,834,iPhone 13,2.7.0,US,2,False,wifi,2026-08-05 06:00:00
S0230,P070,T007,ios,2026-03-09 15:01:33,2026-03-09 15:14:02,749,iPhone 14,2.7.0,US,1,False,cellular,2026-08-05 06:00:00
S0231,P070,T007,ios,2026-03-15 09:20:32,2026-03-15 09:41:07,1235,iPhone 14,2.7.0,US,1,False,cellular,2026-08-05 06:00:00
S0232,P070,T007,steam,2026-03-21 09:52:34,2026-03-21 11:16:31,5037,PC (Windows),2.7.0,US,2,False,ethernet,2026-08-05 06:00:00
S0233,P070,T007,ios,2026-03-28 12:07:23,2026-03-28 12:23:51,988,iPhone 15,2.7.0,US,3,False,cellular,2026-08-05 06:00:00
S0234,P070,T007,ios,2026-03-28 18:32:27,2026-03-28 18:37:19,292,iPhone 13,2.7.0,US,1,False,wifi,2026-08-05 06:00:00
S0235,P070,T007,android,2026-04-11 20:01:24,2026-04-11 20:19:48,1104,OnePlus 11,2.7.0,US,0,False,wifi,2026-08-05 06:00:00
S0236,P070,T007,ios,2026-04-25 21:00:20,2026-04-25 21:21:43,1283,iPhone 13,2.8.0,US,2,False,wifi,2026-08-05 06:00:00
S0237,P070,T007,android,2026-04-24 21:29:34,2026-04-24 21:38:17,523,OnePlus 11,2.8.0,US,2,False,cellular,2026-08-05 06:00:00
S0238,P070,T007,android,2026-05-10 18:14:52,2026-05-10 18:25:25,633,Pixel 8,2.8.0,US,0,False,cellular,2026-08-05 06:00:00
S0239,P070,T007,steam,2026-06-07 20:54:27,2026-06-07 22:18:27,5040,PC (Linux),2.9.0,US,7,False,ethernet,2026-08-05 06:00:00
S0240,P070,T007,ios,2026-07-03 22:00:04,2026-07-03 22:12:30,746,iPhone 14,2.9.0,US,3,False,wifi,2026-08-05 06:00:00
S0241,P071,T007,android,2026-03-11 14:45:17,2026-03-11 15:05:50,1233,Pixel 8,2.7.0,KR,0,False,cellular,2026-08-05 06:00:00
S0242,P071,T007,steam,2026-03-18 00:17:04,2026-03-18 01:30:38,4414,Steam Deck,2.7.0,KR,6,False,ethernet,2026-08-05 06:00:00
S0243,P071,T007,ios,2026-03-25 12:41:54,2026-03-25 13:03:06,1272,iPhone 13,2.7.0,KR,3,False,cellular,2026-08-05 06:00:00
S0244,P071,T007,ios,2026-03-30 17:23:19,2026-03-30 17:29:00,341,iPhone 14,2.7.0,KR,0,False,wifi,2026-08-05 06:00:00
S0245,P071,T007,android,2026-04-09 20:40:53,2026-04-09 20:56:29,936,OnePlus 11,2.7.0,KR,0,False,wifi,2026-08-05 06:00:00
S0246,P071,T007,android,2026-04-17 20:45:57,2026-04-17 20:54:45,528,Pixel 7,2.8.0,KR,1,False,wifi,2026-08-05 06:00:00
S0247,P071,T007,ios,2026-04-21 11:51:31,2026-04-21 12:00:29,538,iPhone 15,2.8.0,KR,1,False,cellular,2026-08-05 06:00:00
S0248,P071,T007,steam,2026-05-06 19:46:32,2026-05-06 20:39:01,3149,Steam Deck,2.8.0,KR,6,False,ethernet,2026-08-05 06:00:00
S0249,P071,T007,android,2026-05-30 08:45:24,2026-05-30 08:52:33,429,Pixel 8,2.8.0,KR,3,False,cellular,2026-08-05 06:00:00
S0250,P071,T007,ios,2026-06-03 02:34:56,2026-06-03 02:47:40,764,iPhone 13,2.8.0,KR,3,False,cellular,2026-08-05 06:00:00
S0251,P071,T007,ios,2026-07-02 09:53:47,2026-07-02 09:57:11,204,iPhone 13,2.9.0,KR,2,False,wifi,2026-08-05 06:00:00
S0252,P071,T007,ios,2026-07-28 22:42:01,2026-07-28 23:04:43,1362,iPhone 14,2.9.1,KR,3,False,cellular,2026-08-05 06:00:00
S0253,P072,T007,android,2026-03-20 12:21:31,2026-03-20 12:33:56,745,Pixel 7,2.7.0,US,0,False,cellular,2026-08-05 06:00:00
S0254,P073,T005,ios,2026-03-25 17:46:00,2026-03-25 17:50:33,273,iPad Air,4.0.2,KR,3,False,wifi,2026-08-05 06:00:00
S0255,P074,T007,android,2026-03-31 20:16:04,2026-03-31 20:22:07,363,Pixel 7,2.7.0,GB,1,False,wifi,2026-08-05 06:00:00
S0256,P074,T007,ios,2026-04-04 20:27:36,2026-04-04 20:50:13,1357,iPad Air,2.7.0,GB,3,False,wifi,2026-08-05 06:00:00
S0257,P074,T007,android,2026-04-12 20:53:19,2026-04-12 21:08:19,900,Pixel 8,2.7.0,GB,3,False,cellular,2026-08-05 06:00:00
S0258,P074,T007,android,2026-04-17 15:26:22,2026-04-17 15:48:16,1314,Pixel 8,2.8.0,GB,0,False,cellular,2026-08-05 06:00:00
S0259,P074,T007,ios,2026-04-19 16:14:19,2026-04-19 16:21:03,404,iPhone 15,2.8.0,GB,3,False,cellular,2026-08-05 06:00:00
S0260,P074,T007,ios,2026-04-28 11:00:42,2026-04-28 11:04:41,239,iPad Air,2.8.0,GB,2,False,wifi,2026-08-05 06:00:00
S0261,P074,T007,android,2026-05-11 19:34:13,2026-05-11 19:54:50,1237,Pixel 8,2.8.0,GB,2,False,wifi,2026-08-05 06:00:00
S0262,P074,T007,android,2026-05-27 19:48:11,2026-05-27 20:00:06,715,Pixel 8,2.8.0,GB,3,False,wifi,2026-08-05 06:00:00
S0263,P074,T007,ios,2026-06-21 07:36:44,2026-06-21 07:57:07,1223,iPhone 14,2.9.0,GB,0,False,wifi,2026-08-05 06:00:00
S0264,P074,T007,steam,2026-07-22 11:40:16,2026-07-22 12:15:07,2091,Steam Deck,2.9.1,GB,4,False,ethernet,2026-08-05 06:00:00
S0265,P074,T007,android,2026-07-20 09:43:41,2026-07-20 10:05:13,1292,Galaxy S23,2.9.1,GB,1,False,cellular,2026-08-05 06:00:00
S0266,P075,T005,steam,2026-03-12 10:52:35,2026-03-12 12:08:31,4556,PC (Linux),4.0.0,US,8,True,wifi,2026-08-05 06:00:00
S0267,P076,T005,xbox,2026-03-10 19:17:24,2026-03-10 20:44:20,5216,Xbox Series X,4.0.0,DE,1,False,ethernet,2026-08-05 06:00:00
S0268,P077,T005,ios,2026-03-28 12:11:11,2026-03-28 12:32:25,1274,iPhone 14,4.0.2,JP,3,False,cellular,2026-08-05 06:00:00
S0269,P078,T005,ios,2026-03-21 08:49:37,2026-03-21 09:03:29,832,iPhone 15,4.0.2,US,3,False,wifi,2026-08-05 06:00:00
S0270,P079,T005,ios,2026-03-21 20:50:02,2026-03-21 20:57:20,438,iPhone 14,4.0.2,DE,2,False,cellular,2026-08-05 06:00:00
S0271,P080,T005,ios,2026-03-14 16:37:16,2026-03-14 17:01:28,1452,iPhone 14,4.0.1,US,2,True,cellular,2026-08-05 06:00:00
S0272,P080,T005,xbox,2026-03-25 17:13:45,2026-03-25 17:41:13,1648,Xbox Series S,4.0.2,US,3,False,ethernet,2026-08-05 06:00:00
S0273,P081,T007,ios,2026-04-12 19:35:13,2026-04-12 19:59:14,1441,iPhone 13,2.7.0,US,0,False,wifi,2026-08-05 06:00:00
S0274,P082,T007,ios,2026-04-20 14:45:10,2026-04-20 14:54:43,573,iPhone 15,2.8.0,DE,1,False,cellular,2026-08-05 06:00:00
S0275,P083,T005,steam,2026-04-07 18:04:16,2026-04-07 19:18:27,4451,PC (Windows),4.0.2,US,8,False,wifi,2026-08-05 06:00:00
S0276,P084,T005,android,2026-04-03 21:19:49,2026-04-03 21:40:52,1263,Pixel 7,4.0.2,JP,1,False,wifi,2026-08-05 06:00:00
S0277,P085,T005,android,2026-04-04 17:04:28,2026-04-04 17:11:01,393,Pixel 7,4.0.2,US,0,False,wifi,2026-08-05 06:00:00
S0278,P085,T005,android,2026-04-14 11:13:31,2026-04-14 11:28:28,897,OnePlus 11,4.0.2,US,0,False,cellular,2026-08-05 06:00:00
S0279,P086,T007,ios,2026-04-11 08:16:20,2026-04-11 08:38:31,1331,iPhone 13,2.7.0,BR,3,False,wifi,2026-08-05 06:00:00
S0280,P086,T007,ios,2026-04-21 17:37:35,2026-04-21 17:49:19,704,iPhone 13,2.8.0,BR,0,False,cellular,2026-08-05 06:00:00
S0281,P087,T005,xbox,2026-04-11 17:28:25,2026-04-11 18:23:13,3288,Xbox Series S,4.0.2,GB,7,False,ethernet,2026-08-05 06:00:00
S0282,P087,T005,steam,2026-04-19 17:22:30,2026-04-19 18:33:24,4254,Steam Deck,4.0.2,GB,2,False,ethernet,2026-08-05 06:00:00
S0283,P088,T007,android,2026-05-02 12:29:40,2026-05-02 12:50:21,1241,Galaxy S23,2.8.0,US,3,True,wifi,2026-08-05 06:00:00
S0284,P089,T005,xbox,2026-04-15 07:36:26,2026-04-15 09:02:05,5139,Xbox One,4.0.2,BR,8,False,ethernet,2026-08-05 06:00:00
S0285,P090,T005,android,2026-04-10 13:00:57,2026-04-10 13:16:50,953,OnePlus 11,4.0.2,JP,0,False,wifi,2026-08-05 06:00:00
S0286,P090,T005,steam,2026-04-12 16:08:16,2026-04-12 16:25:47,1051,PC (Windows),4.0.2,JP,4,False,ethernet,2026-08-05 06:00:00
S0287,P091,T007,steam,2026-05-25 18:01:35,2026-05-25 19:26:31,5096,Steam Deck,2.8.0,US,7,False,wifi,2026-08-05 06:00:00
S0288,P091,T007,android,2026-05-30 18:44:06,2026-05-30 19:03:04,1138,OnePlus 11,2.8.0,US,3,False,wifi,2026-08-05 06:00:00
S0289,P091,T007,steam,2026-05-29 14:57:33,2026-05-29 15:30:56,2003,PC (Linux),2.8.0,US,4,False,wifi,2026-08-05 06:00:00
S0290,P091,T007,ios,2026-06-09 18:20:42,2026-06-09 18:28:00,438,iPad Air,2.9.0,US,3,False,cellular,2026-08-05 06:00:00
S0291,P091,T007,steam,2026-06-10 20:30:34,2026-06-10 20:56:27,1553,PC (Linux),2.9.0,US,5,False,wifi,2026-08-05 06:00:00
S0292,P091,T007,android,2026-06-16 11:07:36,2026-06-16 11:18:57,681,Pixel 7,2.9.0,US,0,False,cellular,2026-08-05 06:00:00
S0293,P092,T007,android,2026-05-23 13:02:23,2026-05-23 13:12:27,604,Galaxy S23,2.8.0,JP,3,False,cellular,2026-08-05 06:00:00
S0294,P092,T007,ios,2026-05-31 10:01:00,2026-05-31 10:12:10,670,iPhone 14,2.8.0,JP,3,False,cellular,2026-08-05 06:00:00
S0295,P092,T007,ios,2026-06-08 15:03:18,2026-06-08 15:27:01,1423,iPhone 15,2.9.0,JP,2,False,wifi,2026-08-05 06:00:00
S0296,P092,T007,ios,2026-06-14 06:33:11,2026-06-14 06:40:43,452,iPhone 14,2.9.0,JP,3,False,cellular,2026-08-05 06:00:00
S0297,P092,T007,ios,2026-06-22 11:06:02,2026-06-22 11:23:35,1053,iPhone 15,2.9.0,JP,1,False,cellular,2026-08-05 06:00:00
S0298,P092,T007,ios,2026-07-02 03:41:31,2026-07-02 03:50:40,549,iPhone 14,2.9.0,JP,2,False,cellular,2026-08-05 06:00:00
S0299,P092,T007,ios,2026-07-01 09:34:53,2026-07-01 09:57:45,1372,iPhone 15,2.9.0,JP,1,False,cellular,2026-08-05 06:00:00
S0300,P092,T007,android,2026-07-17 17:36:05,2026-07-17 17:53:53,1068,Pixel 7,2.9.0,JP,2,False,wifi,2026-08-05 06:00:00
S0301,P093,T005,playstation,2026-05-10 12:23:04,2026-05-10 13:28:33,3929,PS4,4.1.0,US,7,False,wifi,2026-08-05 06:00:00
S0302,P094,T005,android,2026-05-05 18:09:18,2026-05-05 18:24:30,912,Pixel 8,4.1.0,GB,2,False,wifi,2026-08-05 06:00:00
S0303,P095,T007,ios,2026-05-16 10:14:47,2026-05-16 10:31:24,997,iPhone 14,2.8.0,GB,3,False,wifi,2026-08-05 06:00:00
S0304,P096,T007,android,2026-05-09 17:00:11,2026-05-09 17:16:49,998,OnePlus 11,2.8.0,BR,1,False,cellular,2026-08-05 06:00:00
S0305,P097,T007,steam,2026-05-16 22:05:18,2026-05-16 22:35:40,1822,PC (Windows),2.8.0,GB,8,False,wifi,2026-08-05 06:00:00
S0306,P098,T005,steam,2026-05-23 14:57:41,2026-05-23 16:10:14,4353,Steam Deck,4.2.0,GB,6,False,wifi,2026-08-05 06:00:00
S0307,P099,T005,android,2026-05-25 22:31:26,2026-05-25 22:53:20,1314,Pixel 8,4.2.0,JP,1,False,cellular,2026-08-05 06:00:00
S0308,P100,T005,steam,2026-05-09 20:52:48,2026-05-09 21:57:28,3880,PC (Windows),4.1.0,GB,4,False,ethernet,2026-08-05 06:00:00
S0309,P101,T008,android,2026-06-07 13:38:15,2026-06-07 13:54:11,956,OnePlus 11,1.0.1,MX,0,False,cellular,2026-08-05 06:00:00
S0310,P101,T008,android,2026-06-15 13:33:35,2026-06-15 13:50:11,996,Pixel 7,1.0.1,MX,0,False,cellular,2026-08-05 06:00:00
S0311,P102,T005,ios,2026-06-18 15:53:03,2026-06-18 16:01:21,498,iPhone 15,4.2.0,KR,2,False,cellular,2026-08-05 06:00:00
S0312,P103,T005,steam,2026-06-24 14:05:06,2026-06-24 14:30:22,1516,PC (Windows),4.3.0,BR,0,False,ethernet,2026-08-05 06:00:00
S0313,P103,T005,steam,2026-06-28 17:43:11,2026-06-28 18:38:57,3346,Steam Deck,4.3.0,BR,3,False,ethernet,2026-08-05 06:00:00
S0314,P104,T007,android,2026-06-09 09:20:54,2026-06-09 09:43:16,1342,Pixel 7,2.9.0,KR,2,False,cellular,2026-08-05 06:00:00
S0315,P104,T007,ios,2026-06-21 14:16:01,2026-06-21 14:26:14,613,iPhone 13,2.9.0,KR,1,False,wifi,2026-08-05 06:00:00
S0316,P104,T007,steam,2026-06-25 16:54:30,2026-06-25 17:30:41,2171,PC (Windows),2.9.0,KR,0,False,wifi,2026-08-05 06:00:00
S0317,P104,T007,android,2026-06-28 22:19:12,2026-06-28 22:29:43,631,Pixel 8,2.9.0,KR,3,False,cellular,2026-08-05 06:00:00
S0318,P104,T007,steam,2026-06-22 19:06:59,2026-06-22 20:07:29,3630,PC (Windows),2.9.0,KR,3,False,wifi,2026-08-05 06:00:00
S0319,P104,T007,steam,2026-07-03 20:13:15,2026-07-03 21:02:51,2976,Steam Deck,2.9.0,KR,5,False,ethernet,2026-08-05 06:00:00
S0320,P105,T008,ios,2026-06-22 19:43:28,2026-06-22 20:04:28,1260,iPad Air,1.1.0,DE,1,False,cellular,2026-08-05 06:00:00
S0321,P105,T008,ios,2026-07-01 19:30:56,2026-07-01 19:44:14,798,iPad Air,1.1.0,DE,0,False,cellular,2026-08-05 06:00:00
S0322,P106,T007,android,2026-06-14 14:06:27,2026-06-14 14:13:43,436,Pixel 7,2.9.0,BR,2,False,cellular,2026-08-05 06:00:00
S0323,P107,T005,xbox,2026-06-24 12:50:42,2026-06-24 14:17:25,5203,Xbox Series S,4.3.0,BR,8,False,wifi,2026-08-05 06:00:00
S0324,P108,T007,ios,2026-06-20 11:57:37,2026-06-20 12:20:56,1399,iPad Air,2.9.0,US,2,False,wifi,2026-08-05 06:00:00
S0325,P108,T007,android,2026-06-21 17:32:52,2026-06-21 17:52:11,1159,Galaxy S23,2.9.0,US,3,False,wifi,2026-08-05 06:00:00
S0326,P108,T007,ios,2026-06-28 15:09:48,2026-06-28 15:18:31,523,iPhone 13,2.9.0,US,1,False,wifi,2026-08-05 06:00:00
S0327,P108,T007,android,2026-07-05 13:29:04,2026-07-05 13:41:02,718,Pixel 8,2.9.0,US,2,False,wifi,2026-08-05 06:00:00
S0328,P108,T007,ios,2026-07-07 18:35:50,2026-07-07 18:43:30,460,iPhone 14,2.9.0,US,3,False,cellular,2026-08-05 06:00:00
S0329,P108,T007,steam,2026-07-12 17:41:58,2026-07-12 17:56:58,900,PC (Windows),2.9.0,US,1,False,ethernet,2026-08-05 06:00:00
S0330,P109,T007,android,2026-06-21 20:21:43,2026-06-21 20:31:30,587,Pixel 8,2.9.0,BR,0,False,cellular,2026-08-05 06:00:00
S0331,P110,T005,ios,2026-06-28 20:53:19,2026-06-28 21:14:50,1291,iPhone 13,4.3.0,DE,1,True,wifi,2026-08-05 06:00:00
S0332,P111,T005,xbox,2026-07-22 21:19:30,2026-07-22 22:48:26,5336,Xbox Series S,4.4.0,FR,1,False,ethernet,2026-08-05 06:00:00
S0333,P112,T007,ios,2026-07-23 23:25:05,2026-07-23 23:48:49,1424,iPad Air,2.9.1,US,1,False,cellular,2026-08-05 06:00:00
S0334,P113,T007,android,2026-07-26 10:46:05,2026-07-26 10:57:46,701,Pixel 8,2.9.1,JP,1,False,wifi,2026-08-05 06:00:00
S0335,P114,T007,android,2026-07-19 12:24:11,2026-07-19 12:36:43,752,Pixel 7,2.9.0,JP,1,False,cellular,2026-08-05 06:00:00
S0336,P114,T007,android,2026-07-24 14:17:36,2026-07-24 14:21:07,211,Pixel 8,2.9.1,JP,1,False,cellular,2026-08-05 06:00:00
S0337,P114,T007,ios,2026-08-02 09:58:32,2026-08-02 10:04:24,352,iPad Air,2.9.1,JP,2,False,wifi,2026-08-05 06:00:00
S0338,P114,T007,android,2026-07-30 07:52:50,2026-07-30 07:56:03,193,OnePlus 11,2.9.1,JP,3,True,wifi,2026-08-05 06:00:00
S0339,P115,T007,ios,2026-07-25 17:49:00,2026-07-25 18:05:48,1008,iPhone 13,2.9.1,MX,2,True,wifi,2026-08-05 06:00:00
S0340,P115,T007,android,2026-08-05 12:38:44,2026-08-05 12:52:12,808,OnePlus 11,2.9.1,MX,1,False,cellular,2026-08-05 06:00:00
S0341,P116,T005,ios,2026-07-04 10:16:16,2026-07-04 10:33:38,1042,iPhone 14,4.3.0,GB,1,False,wifi,2026-08-05 06:00:00
S0342,P117,T005,android,2026-07-18 18:02:11,2026-07-18 18:23:55,1304,Pixel 8,4.4.0,KR,2,False,wifi,2026-08-05 06:00:00
S0343,P117,T005,steam,2026-07-29 13:06:04,2026-07-29 13:24:42,1118,PC (Windows),4.4.0,KR,2,False,wifi,2026-08-05 06:00:00
S0344,P118,T008,ios,2026-07-19 18:36:21,2026-07-19 18:58:00,1299,iPhone 15,1.1.0,US,3,False,wifi,2026-08-05 06:00:00
S0345,P119,T005,playstation,2026-08-01 06:55:09,2026-08-01 08:03:04,4075,PS5,4.4.0,US,8,False,ethernet,2026-08-05 06:00:00
S0346,P119,T005,steam,2026-08-03 15:30:42,2026-08-03 16:54:21,5019,Steam Deck,4.4.0,US,0,False,ethernet,2026-08-05 06:00:00
S0347,P120,T007,android,2026-07-03 23:51:27,2026-07-04 00:01:26,599,Galaxy S23,2.9.0,DE,3,False,cellular,2026-08-05 06:00:00
S0348,P120,T007,ios,2026-07-15 02:17:13,2026-07-15 02:27:00,587,iPhone 14,2.9.0,DE,0,False,cellular,2026-08-05 06:00:00
S0349,P002,T005,xbox,2025-12-27 14:03:40,2025-12-27 15:00:21,3401,Xbox Series S,3.3.0,DE,5,False,ethernet,2026-08-05 06:00:00
S0350,P037,T005,android,2025-12-21 09:00:33,2025-12-21 09:09:50,557,Pixel 7,3.3.0,KR,1,False,cellular,2026-08-05 06:00:00
S0351,P020,T005,android,2025-12-12 17:10:28,2025-12-12 17:24:25,837,Pixel 8,3.2.1,US,3,False,wifi,2026-08-05 06:00:00
S0352,P024,T005,playstation,2025-12-14 04:57:03,2025-12-14 06:12:19,4516,PS5,3.2.1,US,1,False,wifi,2026-08-05 06:00:00
S0353,P038,T005,xbox,2025-12-18 17:46:51,2025-12-18 19:12:31,5140,Xbox Series X,3.3.0,US,5,False,ethernet,2026-08-05 06:00:00
S0354,P006,T005,steam,2025-12-26 16:24:12,2025-12-26 17:03:11,2339,PC (Linux),3.3.0,US,5,False,wifi,2026-08-05 06:00:00
S0355,P038,T005,steam,2025-12-10 19:50:07,2025-12-10 21:06:58,4611,Steam Deck,3.2.1,US,7,False,ethernet,2026-08-05 06:00:00
S0356,P037,T005,playstation,2025-12-23 20:43:35,2025-12-23 21:53:26,4191,PS5,3.3.0,KR,2,False,wifi,2026-08-05 06:00:00
S0357,P032,T005,android,2025-12-21 13:31:13,2025-12-21 13:50:31,1158,Pixel 8,3.3.0,AU,2,False,cellular,2026-08-05 06:00:00
S0358,P002,T005,ios,2025-12-24 19:48:29,2025-12-24 19:56:09,460,iPhone 13,3.3.0,DE,3,False,cellular,2026-08-05 06:00:00
S0359,P002,T005,ios,2025-12-19 18:43:14,2025-12-19 18:54:04,650,iPhone 14,3.3.0,DE,3,False,wifi,2026-08-05 06:00:00
S0360,P003,T005,ios,2025-12-28 19:29:59,2025-12-28 19:42:49,770,iPhone 14,3.3.0,DE,0,False,wifi,2026-08-05 06:00:00
S0361,P020,T005,steam,2025-12-24 12:11:14,2025-12-24 13:39:00,5266,PC (Linux),3.3.0,US,5,False,wifi,2026-08-05 06:00:00
S0362,P002,T005,ios,2025-12-13 15:24:59,2025-12-13 15:41:21,982,iPhone 14,3.2.1,DE,2,False,wifi,2026-08-05 06:00:00
S0363,P034,T005,ios,2025-11-21 21:45:10,2025-11-21 22:03:59,1129,iPhone 15,3.2.1,US,1,False,wifi,2026-08-05 06:00:00
S0364,P012,T005,steam,2025-11-15 14:50:01,2025-11-15 16:18:50,5329,PC (Linux),3.2.0,DE,7,False,wifi,2026-08-05 06:00:00
S0365,P001,T005,xbox,2025-11-25 18:23:25,2025-11-25 19:44:24,4859,Xbox One,3.2.1,US,8,False,ethernet,2026-08-05 06:00:00
S0366,P022,T005,android,2025-11-18 16:09:46,2025-11-18 16:19:48,602,Galaxy S23,3.2.0,BR,0,False,wifi,2026-08-05 06:00:00
S0367,P018,T005,android,2025-11-19 09:33:20,2025-11-19 09:36:46,206,Pixel 8,3.2.0,MX,1,False,cellular,2026-08-05 06:00:00
S0368,P024,T005,ios,2025-11-19 22:27:25,2025-11-19 22:38:04,639,iPhone 14,3.2.0,US,0,False,cellular,2026-08-05 06:00:00
S0369,P029,T005,android,2025-11-18 07:21:41,2025-11-18 07:27:35,354,Pixel 7,3.2.0,DE,2,False,wifi,2026-08-05 06:00:00
S0370,P038,T005,ios,2025-11-22 12:30:29,2025-11-22 12:54:50,1461,iPad Air,3.2.1,US,2,False,cellular,2026-08-05 06:00:00
S0371,P013,T005,steam,2025-11-22 09:31:32,2025-11-22 10:35:08,3816,PC (Windows),3.2.1,DE,0,False,ethernet,2026-08-05 06:00:00
S0372,P038,T005,android,2025-11-16 20:29:59,2025-11-16 20:39:26,567,Pixel 7,3.2.0,US,3,False,wifi,2026-08-05 06:00:00
S0373,P029,T005,android,2025-11-20 20:55:11,2025-11-20 20:58:11,180,Pixel 7,3.2.1,DE,2,False,wifi,2026-08-05 06:00:00
S0374,P031,T005,ios,2025-11-17 12:48:22,2025-11-17 12:58:19,597,iPhone 15,3.2.0,DE,1,False,cellular,2026-08-05 06:00:00
S0375,P035,T005,ios,2025-11-23 00:09:06,2025-11-23 00:22:13,787,iPad Air,3.2.0,US,1,False,cellular,2026-08-05 06:00:00
S0376,P013,T005,playstation,2025-11-18 03:00:12,2025-11-18 04:24:06,5034,PS5,3.2.0,DE,5,False,wifi,2026-08-05 06:00:00
S0377,P002,T005,android,2025-11-23 18:27:10,2025-11-23 18:51:20,1450,Pixel 8,3.2.1,DE,2,False,cellular,2026-08-05 06:00:00
S0378,P022,T005,xbox,2025-11-23 12:51:16,2025-11-23 13:08:50,1054,Xbox One,3.2.1,BR,7,False,ethernet,2026-08-05 06:00:00
S0379,P020,T005,ios,2025-11-17 18:04:16,2025-11-17 18:08:30,254,iPad Air,3.2.0,US,0,False,cellular,2026-08-05 06:00:00
S0380,P001,T005,steam,2025-11-20 20:24:08,2025-11-20 21:21:24,3436,Steam Deck,3.2.1,US,5,False,wifi,2026-08-05 06:00:00
S0381,P022,T005,xbox,2025-11-20 15:05:30,2025-11-20 15:35:31,1801,Xbox One,3.2.1,BR,1,False,ethernet,2026-08-05 06:00:00
S0382,P022,T005,playstation,2025-11-22 21:25:57,2025-11-22 22:24:41,3524,PS5,3.2.1,BR,5,False,ethernet,2026-08-05 06:00:00
S0383,P045,T006,steam,2026-07-21 20:25:41,2026-07-21 21:21:59,3378,PC (Windows),1.3.1,DE,3,False,wifi,2026-08-05 06:00:00
S0384,P045,T006,playstation,2026-08-02 17:44:21,2026-08-02 18:48:48,3867,PS5,1.3.1,DE,7,False,ethernet,2026-08-05 06:00:00
S0385,P045,T006,steam,2026-07-31 17:05:14,2026-07-31 18:24:51,4777,Steam Deck,1.3.1,DE,1,False,ethernet,2026-08-05 06:00:00
S0386,P045,T006,xbox,2026-07-12 20:13:50,2026-07-12 20:43:49,1799,Xbox Series X,1.3.1,DE,4,False,ethernet,2026-08-05 06:00:00
S0387,P045,T006,steam,2026-07-21 18:06:29,2026-07-21 19:12:10,3941,PC (Linux),1.3.1,DE,0,False,wifi,2026-08-05 06:00:00
S0388,P045,T006,steam,2026-08-01 21:04:54,2026-08-01 21:46:35,2501,Steam Deck,1.3.1,DE,7,False,wifi,2026-08-05 06:00:00
S0389,P060,T006,playstation,2026-06-28 20:19:40,2026-06-28 21:22:33,3773,PS5,1.3.1,US,1,False,ethernet,2026-08-05 06:00:00
S0390,P061,T006,steam,2026-07-10 11:09:20,2026-07-10 12:04:09,3289,PC (Windows),1.3.1,JP,5,True,wifi,2026-08-05 06:00:00
S0391,P061,T006,steam,2026-07-15 19:53:37,2026-07-15 21:12:21,4724,PC (Windows),1.3.1,JP,0,False,wifi,2026-08-05 06:00:00
S0392,P069,T006,steam,2026-07-25 10:17:29,2026-07-25 11:14:51,3442,Steam Deck,1.3.1,US,7,False,wifi,2026-08-05 06:00:00
S0393,P069,T006,steam,2026-08-03 23:12:23,2026-08-04 00:11:22,3539,PC (Linux),1.3.1,US,6,False,ethernet,2026-08-05 06:00:00
S0394,P069,T006,xbox,2026-07-22 14:39:26,2026-07-22 15:56:36,4630,Xbox One,1.3.1,US,7,False,wifi,2026-08-05 06:00:00
S0395,P069,T006,steam,2026-07-13 14:54:27,2026-07-13 15:17:18,1371,Steam Deck,1.3.1,US,6,False,wifi,2026-08-05 06:00:00
S0396,P069,T006,steam,2026-07-21 12:12:00,2026-07-21 12:55:48,2628,PC (Windows),1.3.1,US,2,False,ethernet,2026-08-05 06:00:00
S0397,P069,T006,steam,2026-07-30 20:36:17,2026-07-30 21:09:34,1997,PC (Windows),1.3.1,US,6,False,ethernet,2026-08-05 06:00:00
S0398,P069,T006,xbox,2026-08-02 16:51:35,2026-08-02 17:16:48,1513,Xbox One,1.3.1,US,8,False,ethernet,2026-08-05 06:00:00
S0399,P069,T006,playstation,2026-07-23 04:57:28,2026-07-23 05:41:41,2653,PS4,1.3.1,US,3,False,ethernet,2026-08-05 06:00:00
S0400,P083,T006,xbox,2026-05-28 21:15:02,2026-05-28 22:32:38,4656,Xbox Series S,1.3.1,US,2,False,ethernet,2026-08-05 06:00:00
S0401,P083,T006,steam,2026-07-19 12:34:56,2026-07-19 13:59:42,5086,PC (Linux),1.3.1,US,4,False,wifi,2026-08-05 06:00:00
S0402,P083,T006,xbox,2026-06-11 18:50:18,2026-06-11 19:37:43,2845,Xbox Series S,1.3.1,US,2,False,ethernet,2026-08-05 06:00:00
S0403,P083,T006,xbox,2026-07-10 15:52:51,2026-07-10 16:51:23,3512,Xbox One,1.3.1,US,1,False,wifi,2026-08-05 06:00:00
S0404,P083,T006,xbox,2026-06-03 21:01:25,2026-06-03 22:16:59,4534,Xbox Series S,1.3.1,US,3,False,ethernet,2026-08-05 06:00:00
S0405,P083,T006,steam,2026-06-25 02:03:28,2026-06-25 02:26:50,1402,Steam Deck,1.3.1,US,6,False,wifi,2026-08-05 06:00:00
S0406,P085,T006,playstation,2026-07-30 16:39:10,2026-07-30 17:26:12,2822,PS5,1.3.1,US,3,False,ethernet,2026-08-05 06:00:00
S0407,P085,T006,xbox,2026-07-28 10:18:02,2026-07-28 11:07:27,2965,Xbox Series S,1.3.1,US,2,False,ethernet,2026-08-05 06:00:00
S0408,P085,T006,steam,2026-08-03 09:46:07,2026-08-03 10:55:13,4146,PC (Linux),1.3.1,US,5,False,ethernet,2026-08-05 06:00:00
S0409,P085,T006,playstation,2026-07-27 08:00:43,2026-07-27 08:16:27,944,PS5,1.3.1,US,8,False,ethernet,2026-08-05 06:00:00
S0410,P085,T006,steam,2026-06-22 00:38:48,2026-06-22 01:33:52,3304,PC (Linux),1.3.1,US,0,False,wifi,2026-08-05 06:00:00
S0411,P085,T006,steam,2026-08-02 15:53:14,2026-08-02 16:29:02,2148,PC (Windows),1.3.1,US,1,False,wifi,2026-08-05 06:00:00
S0412,P088,T006,playstation,2026-07-02 16:58:34,2026-07-02 18:12:38,4444,PS5,1.3.1,US,7,False,wifi,2026-08-05 06:00:00
S0413,P088,T006,steam,2026-07-10 17:20:30,2026-07-10 18:01:50,2480,Steam Deck,1.3.1,US,4,False,ethernet,2026-08-05 06:00:00
S0414,P088,T006,steam,2026-07-17 13:16:38,2026-07-17 13:55:01,2303,Steam Deck,1.3.1,US,6,False,wifi,2026-08-05 06:00:00
S0415,P088,T006,playstation,2026-07-07 16:16:27,2026-07-07 17:16:50,3623,PS4,1.3.1,US,3,False,ethernet,2026-08-05 06:00:00
S0416,P088,T006,steam,2026-05-21 20:35:11,2026-05-21 21:02:43,1652,PC (Windows),1.3.1,US,0,False,wifi,2026-08-05 06:00:00
S0417,P094,T006,steam,2026-07-03 19:40:48,2026-07-03 20:28:33,2865,PC (Windows),1.3.1,GB,5,False,ethernet,2026-08-05 06:00:00
S0418,P094,T006,playstation,2026-07-17 21:51:38,2026-07-17 22:49:54,3496,PS5,1.3.1,GB,8,False,wifi,2026-08-05 06:00:00
S0419,P094,T006,steam,2026-06-14 14:01:38,2026-06-14 15:08:05,3987,PC (Linux),1.3.1,GB,7,False,ethernet,2026-08-05 06:00:00
S0420,P094,T006,playstation,2026-07-11 18:15:30,2026-07-11 19:18:51,3801,PS5,1.3.1,GB,2,False,ethernet,2026-08-05 06:00:00
S0421,P094,T006,playstation,2026-08-03 08:49:51,2026-08-03 09:43:37,3226,PS5,1.3.1,GB,8,False,ethernet,2026-08-05 06:00:00
S0422,P094,T006,steam,2026-06-17 18:41:18,2026-06-17 19:37:30,3372,Steam Deck,1.3.1,GB,8,False,wifi,2026-08-05 06:00:00
S0423,P094,T006,steam,2026-07-30 17:38:59,2026-07-30 18:25:47,2808,Steam Deck,1.3.1,GB,6,False,wifi,2026-08-05 06:00:00
S0424,P098,T006,steam,2026-07-08 20:47:24,2026-07-08 21:58:30,4266,Steam Deck,1.3.1,GB,8,False,ethernet,2026-08-05 06:00:00
S0425,P098,T006,playstation,2026-07-04 03:41:27,2026-07-04 04:55:39,4452,PS5,1.3.1,GB,4,False,ethernet,2026-08-05 06:00:00
S0426,P098,T006,playstation,2026-06-19 14:47:03,2026-06-19 15:36:17,2954,PS4,1.3.1,GB,5,False,wifi,2026-08-05 06:00:00
S0427,P098,T006,steam,2026-08-01 15:28:44,2026-08-01 15:54:24,1540,PC (Linux),1.3.1,GB,3,False,ethernet,2026-08-05 06:00:00
S0428,P098,T006,xbox,2026-06-18 10:45:39,2026-06-18 11:57:26,4307,Xbox Series S,1.3.1,GB,1,False,wifi,2026-08-05 06:00:00
S0429,P107,T006,xbox,2026-07-31 18:46:26,2026-07-31 19:39:31,3185,Xbox One,1.3.1,BR,3,True,ethernet,2026-08-05 06:00:00
S0430,P107,T006,xbox,2026-07-31 13:12:47,2026-07-31 13:52:38,2391,Xbox Series X,1.3.1,BR,4,False,wifi,2026-08-05 06:00:00
S0431,P107,T006,steam,2026-07-27 08:55:45,2026-07-27 09:46:21,3036,PC (Windows),1.3.1,BR,0,False,wifi,2026-08-05 06:00:00
S0432,P107,T006,playstation,2026-07-28 11:39:23,2026-07-28 12:02:36,1393,PS5,1.3.1,BR,6,False,wifi,2026-08-05 06:00:00
S0433,P107,T006,steam,2026-07-30 13:35:42,2026-07-30 14:29:21,3219,PC (Windows),1.3.1,BR,1,False,wifi,2026-08-05 06:00:00
S0434,P115,T006,steam,2026-07-24 12:02:26,2026-07-24 12:42:23,2397,PC (Linux),1.3.1,MX,7,False,wifi,2026-08-05 06:00:00
S0435,P115,T006,xbox,2026-07-25 11:51:14,2026-07-25 12:32:57,2503,Xbox Series S,1.3.1,MX,4,False,wifi,2026-08-05 06:00:00
S0436,P115,T006,steam,2026-07-29 08:51:59,2026-07-29 10:04:14,4335,PC (Linux),1.3.1,MX,4,False,wifi,2026-08-05 06:00:00
S0437,P115,T006,playstation,2026-07-25 18:15:13,2026-07-25 19:31:47,4594,PS4,1.3.1,MX,7,False,wifi,2026-08-05 06:00:00
S0438,P115,T006,xbox,2026-07-26 12:04:27,2026-07-26 13:13:10,4123,Xbox Series S,1.3.1,MX,4,False,wifi,2026-08-05 06:00:00
S0439,P115,T006,playstation,2026-07-26 11:17:09,2026-07-26 11:45:45,1716,PS4,1.3.1,MX,1,False,ethernet,2026-08-05 06:00:00
S0440,P115,T006,steam,2026-07-30 06:28:40,2026-07-30 06:57:00,1700,Steam Deck,1.3.1,MX,3,False,ethernet,2026-08-05 06:00:00
S0441,P120,T006,steam,2026-08-02 07:23:19,2026-08-02 07:45:15,1316,Steam Deck,1.3.1,DE,7,False,wifi,2026-08-05 06:00:00
S0442,P120,T006,steam,2026-08-04 15:53:28,2026-08-04 16:25:49,1941,Steam Deck,1.3.1,DE,4,False,ethernet,2026-08-05 06:00:00
S0443,P005,T001,steam,2025-12-23 07:43:42,2025-12-23 08:01:32,1070,PC (Linux),1.7.1,CA,6,False,wifi,2026-08-05 06:00:00
S0444,P005,T001,switch,2025-11-11 21:23:37,2025-11-11 22:17:10,3213,Switch,1.7.1,CA,4,False,ethernet,2026-08-05 06:00:00
S0445,P005,T001,playstation,2026-02-18 15:12:54,2026-02-18 16:42:38,5384,PS4,1.7.1,CA,1,False,ethernet,2026-08-05 06:00:00
S0446,P005,T001,steam,2025-11-07 05:32:45,2025-11-07 06:17:58,2713,Steam Deck,1.7.1,CA,8,False,wifi,2026-08-05 06:00:00
S0447,P005,T001,steam,2026-06-23 10:07:01,2026-06-23 10:26:01,1140,PC (Windows),1.8.0,CA,4,False,wifi,2026-08-05 06:00:00
S0448,P005,T001,steam,2025-10-23 18:32:15,2025-10-23 19:38:15,3960,PC (Linux),1.7.0,CA,4,False,ethernet,2026-08-05 06:00:00
S0449,P015,T001,playstation,2026-04-03 17:50:41,2026-04-03 18:22:25,1904,PS5,1.8.0,DE,5,False,wifi,2026-08-05 06:00:00
S0450,P015,T001,steam,2026-05-03 12:11:53,2026-05-03 13:37:44,5151,PC (Linux),1.8.0,DE,3,False,wifi,2026-08-05 06:00:00
S0451,P015,T001,xbox,2026-06-23 16:43:35,2026-06-23 17:04:05,1230,Xbox Series S,1.8.0,DE,7,False,wifi,2026-08-05 06:00:00
S0452,P015,T001,switch,2026-04-28 11:16:42,2026-04-28 11:51:13,2071,Switch,1.8.0,DE,8,False,wifi,2026-08-05 06:00:00
S0453,P015,T001,xbox,2026-07-26 14:43:29,2026-07-26 16:11:22,5273,Xbox Series S,1.8.0,DE,2,False,ethernet,2026-08-05 06:00:00
S0454,P015,T001,steam,2026-04-04 12:08:46,2026-04-04 13:20:06,4280,PC (Linux),1.8.0,DE,8,False,ethernet,2026-08-05 06:00:00
S0455,P018,T001,switch,2026-02-02 15:30:49,2026-02-02 16:43:32,4363,Switch OLED,1.7.1,MX,2,True,wifi,2026-08-05 06:00:00
S0456,P018,T001,xbox,2026-03-16 15:11:30,2026-03-16 16:32:27,4857,Xbox One,1.8.0,MX,2,False,wifi,2026-08-05 06:00:00
S0457,P018,T001,switch,2026-02-27 18:07:06,2026-02-27 18:45:57,2331,Switch,1.7.1,MX,2,False,wifi,2026-08-05 06:00:00
S0458,P018,T001,xbox,2026-01-11 18:10:58,2026-01-11 19:13:10,3732,Xbox Series S,1.7.1,MX,1,False,ethernet,2026-08-05 06:00:00
S0459,P030,T001,steam,2026-07-23 11:03:41,2026-07-23 12:27:52,5051,PC (Windows),1.8.0,CA,7,False,ethernet,2026-08-05 06:00:00
S0460,P030,T001,switch,2026-08-04 06:32:42,2026-08-04 07:52:12,4770,Switch OLED,1.8.0,CA,4,False,wifi,2026-08-05 06:00:00
S0461,P030,T001,steam,2026-07-19 16:46:32,2026-07-19 18:15:12,5320,Steam Deck,1.8.0,CA,6,False,wifi,2026-08-05 06:00:00
S0462,P030,T001,xbox,2026-07-19 04:15:26,2026-07-19 05:36:28,4862,Xbox One,1.8.0,CA,5,False,ethernet,2026-08-05 06:00:00
S0463,P030,T001,steam,2026-07-25 08:16:47,2026-07-25 08:54:49,2282,Steam Deck,1.8.0,CA,1,False,ethernet,2026-08-05 06:00:00
S0464,P030,T001,steam,2026-07-26 20:47:17,2026-07-26 21:48:01,3644,Steam Deck,1.8.0,CA,5,False,wifi,2026-08-05 06:00:00
S0465,P030,T001,steam,2026-07-26 17:17:49,2026-07-26 18:05:38,2869,PC (Windows),1.8.0,CA,5,False,ethernet,2026-08-05 06:00:00
S0466,P051,T001,steam,2026-04-20 19:43:13,2026-04-20 20:42:24,3551,PC (Linux),1.8.0,US,6,False,ethernet,2026-08-05 06:00:00
S0467,P051,T001,steam,2026-04-21 18:41:22,2026-04-21 19:35:25,3243,PC (Linux),1.8.0,US,5,False,wifi,2026-08-05 06:00:00
S0468,P051,T001,xbox,2026-04-27 19:14:43,2026-04-27 19:41:53,1630,Xbox Series X,1.8.0,US,4,False,wifi,2026-08-05 06:00:00
S0469,P051,T001,steam,2026-07-20 07:53:08,2026-07-20 08:20:46,1658,PC (Linux),1.8.0,US,8,False,wifi,2026-08-05 06:00:00
S0470,P063,T001,switch,2026-07-12 11:03:21,2026-07-12 11:33:43,1822,Switch,1.8.0,JP,1,False,ethernet,2026-08-05 06:00:00
S0471,P063,T001,playstation,2026-08-02 09:31:36,2026-08-02 09:51:08,1172,PS4,1.8.0,JP,1,False,wifi,2026-08-05 06:00:00
S0472,P063,T001,switch,2026-07-12 20:18:55,2026-07-12 21:15:25,3390,Switch OLED,1.8.0,JP,2,False,wifi,2026-08-05 06:00:00
S0473,P070,T001,xbox,2026-03-16 12:37:47,2026-03-16 14:07:45,5398,Xbox Series X,1.8.0,US,4,False,ethernet,2026-08-05 06:00:00
S0474,P070,T001,switch,2026-04-23 18:31:38,2026-04-23 19:37:28,3950,Switch OLED,1.8.0,US,0,False,ethernet,2026-08-05 06:00:00
S0475,P081,T001,playstation,2026-04-16 11:03:36,2026-04-16 12:04:20,3644,PS5,1.8.0,US,8,False,ethernet,2026-08-05 06:00:00
S0476,P081,T001,steam,2026-07-21 20:43:43,2026-07-21 22:05:16,4893,Steam Deck,1.8.0,US,7,False,ethernet,2026-08-05 06:00:00
S0477,P081,T001,switch,2026-05-12 10:34:40,2026-05-12 10:54:23,1183,Switch OLED,1.8.0,US,3,False,ethernet,2026-08-05 06:00:00
S0478,P081,T001,xbox,2026-04-26 15:14:59,2026-04-26 16:37:51,4972,Xbox Series X,1.8.0,US,6,False,ethernet,2026-08-05 06:00:00
S0479,P081,T001,steam,2026-07-10 11:46:38,2026-07-10 12:57:01,4223,PC (Linux),1.8.0,US,5,False,wifi,2026-08-05 06:00:00
S0480,P081,T001,switch,2026-06-17 22:39:52,2026-06-17 23:26:04,2772,Switch OLED,1.8.0,US,6,False,wifi,2026-08-05 06:00:00
S0481,P081,T001,xbox,2026-05-28 20:37:35,2026-05-28 20:59:18,1303,Xbox One,1.8.0,US,8,False,ethernet,2026-08-05 06:00:00
S0482,P081,T001,playstation,2026-04-16 17:18:45,2026-04-16 18:36:18,4653,PS4,1.8.0,US,5,False,ethernet,2026-08-05 06:00:00
S0483,P093,T001,steam,2026-07-03 17:12:33,2026-07-03 17:34:50,1337,Steam Deck,1.8.0,US,4,False,wifi,2026-08-05 06:00:00
S0484,P093,T001,steam,2026-06-30 16:04:46,2026-06-30 17:25:43,4857,Steam Deck,1.8.0,US,6,False,wifi,2026-08-05 06:00:00
S0485,P093,T001,playstation,2026-07-23 09:46:20,2026-07-23 10:29:26,2586,PS4,1.8.0,US,4,False,ethernet,2026-08-05 06:00:00
S0486,P093,T001,playstation,2026-07-06 21:31:49,2026-07-06 22:49:15,4646,PS4,1.8.0,US,2,False,ethernet,2026-08-05 06:00:00
S0487,P093,T001,switch,2026-07-23 13:50:42,2026-07-23 14:12:29,1307,Switch OLED,1.8.0,US,2,False,wifi,2026-08-05 06:00:00
S0488,P120,T001,steam,2026-08-04 21:06:40,2026-08-04 22:11:36,3896,Steam Deck,1.8.0,DE,5,False,wifi,2026-08-05 06:00:00
S0489,P120,T001,steam,2026-07-31 18:56:27,2026-07-31 19:49:43,3196,Steam Deck,1.8.0,DE,5,False,ethernet,2026-08-05 06:00:00
S0490,P120,T001,steam,2026-07-31 20:03:01,2026-07-31 21:03:35,3634,Steam Deck,1.8.0,DE,1,False,ethernet,2026-08-05 06:00:00
S0491,P120,T001,steam,2026-07-31 21:52:49,2026-07-31 23:13:45,4856,Steam Deck,1.8.0,DE,5,False,wifi,2026-08-05 06:00:00
S0492,P120,T001,steam,2026-08-02 15:52:24,2026-08-02 16:16:08,1424,PC (Windows),1.8.0,DE,2,False,ethernet,2026-08-05 06:00:00
S0493,P120,T001,playstation,2026-08-01 13:09:32,2026-08-01 14:33:53,5061,PS4,1.8.0,DE,4,False,wifi,2026-08-05 06:00:00
S0494,P120,T001,playstation,2026-08-02 19:57:57,2026-08-02 21:26:10,5293,PS5,1.8.0,DE,3,False,ethernet,2026-08-05 06:00:00
S0495,P003,T002,switch,2026-05-04 07:50:07,2026-05-04 09:03:54,4427,Switch,2.2.1,DE,1,False,ethernet,2026-08-05 06:00:00
S0496,P003,T002,steam,2026-05-24 02:44:05,2026-05-24 04:12:06,5281,Steam Deck,2.2.1,DE,0,False,wifi,2026-08-05 06:00:00
S0497,P003,T002,steam,2026-05-28 17:27:33,2026-05-28 18:41:38,4445,Steam Deck,2.2.1,DE,5,False,ethernet,2026-08-05 06:00:00
S0498,P003,T002,steam,2026-05-06 21:40:11,2026-05-06 22:22:08,2517,PC (Linux),2.2.1,DE,5,False,wifi,2026-08-05 06:00:00
S0499,P003,T002,switch,2026-05-18 10:26:34,2026-05-18 11:00:07,2013,Switch,2.2.1,DE,4,False,ethernet,2026-08-05 06:00:00
S0500,P003,T002,switch,2026-05-12 00:04:59,2026-05-12 00:50:27,2728,Switch,2.2.1,DE,1,False,wifi,2026-08-05 06:00:00
S0501,P003,T002,switch,2026-06-16 21:48:26,2026-06-16 23:00:24,4318,Switch OLED,2.2.1,DE,8,False,ethernet,2026-08-05 06:00:00
S0502,P008,T002,steam,2025-11-09 21:38:17,2025-11-09 22:09:11,1854,PC (Windows),2.2.0,DE,1,False,wifi,2026-08-05 06:00:00
S0503,P008,T002,steam,2026-01-04 05:26:55,2026-01-04 06:04:07,2232,PC (Windows),2.2.0,DE,3,False,ethernet,2026-08-05 06:00:00
S0504,P008,T002,steam,2026-04-01 20:44:35,2026-04-01 21:36:34,3119,PC (Linux),2.2.1,DE,1,False,wifi,2026-08-05 06:00:00
S0505,P009,T002,switch,2025-12-16 21:45:02,2025-12-16 22:58:48,4426,Switch,2.2.0,GB,1,False,ethernet,2026-08-05 06:00:00
S0506,P009,T002,steam,2026-06-16 08:09:33,2026-06-16 09:37:48,5295,Steam Deck,2.2.1,GB,6,False,ethernet,2026-08-05 06:00:00
S0507,P009,T002,steam,2026-04-03 19:03:14,2026-04-03 19:54:04,3050,PC (Windows),2.2.1,GB,4,False,wifi,2026-08-05 06:00:00
S0508,P009,T002,switch,2025-11-05 06:50:34,2025-11-05 07:31:40,2466,Switch OLED,2.2.0,GB,7,False,ethernet,2026-08-05 06:00:00
S0509,P009,T002,steam,2025-08-13 18:09:49,2025-08-13 19:08:11,3502,PC (Linux),2.1.0,GB,4,False,wifi,2026-08-05 06:00:00
S0510,P029,T002,steam,2026-05-28 16:33:06,2026-05-28 17:28:51,3345,PC (Linux),2.2.1,DE,6,False,wifi,2026-08-05 06:00:00
S0511,P029,T002,steam,2026-04-10 17:00:11,2026-04-10 18:06:55,4004,PC (Linux),2.2.1,DE,1,False,ethernet,2026-08-05 06:00:00
S0512,P029,T002,switch,2026-06-11 08:04:33,2026-06-11 08:24:30,1197,Switch,2.2.1,DE,7,False,wifi,2026-08-05 06:00:00
S0513,P029,T002,switch,2026-04-20 19:02:16,2026-04-20 19:43:10,2454,Switch OLED,2.2.1,DE,2,False,ethernet,2026-08-05 06:00:00
S0514,P037,T002,switch,2026-07-11 10:22:49,2026-07-11 11:03:19,2430,Switch OLED,2.2.1,KR,3,False,ethernet,2026-08-05 06:00:00
S0515,P039,T002,switch,2026-03-01 20:59:22,2026-03-01 22:21:46,4944,Switch,2.2.1,US,7,False,wifi,2026-08-05 06:00:00
S0516,P039,T002,steam,2025-12-24 15:53:05,2025-12-24 16:43:07,3002,PC (Windows),2.2.0,US,3,False,ethernet,2026-08-05 06:00:00
S0517,P039,T002,steam,2026-01-20 21:07:30,2026-01-20 22:07:15,3585,PC (Windows),2.2.1,US,0,False,wifi,2026-08-05 06:00:00
S0518,P069,T002,switch,2026-07-22 17:58:13,2026-07-22 19:05:29,4036,Switch OLED,2.2.1,US,2,False,ethernet,2026-08-05 06:00:00
S0519,P069,T002,switch,2026-06-25 13:32:41,2026-06-25 15:01:09,5308,Switch OLED,2.2.1,US,6,False,ethernet,2026-08-05 06:00:00
S0520,P069,T002,steam,2026-08-04 11:18:59,2026-08-04 11:56:02,2223,PC (Linux),2.2.1,US,3,False,wifi,2026-08-05 06:00:00
S0521,P069,T002,steam,2026-07-29 06:48:25,2026-07-29 07:59:21,4256,Steam Deck,2.2.1,US,0,False,ethernet,2026-08-05 06:00:00
S0522,P069,T002,switch,2026-07-12 07:53:13,2026-07-12 08:27:03,2030,Switch,2.2.1,US,0,False,ethernet,2026-08-05 06:00:00
S0523,P084,T002,switch,2026-05-19 22:56:12,2026-05-20 00:23:00,5208,Switch OLED,2.2.1,JP,6,False,wifi,2026-08-05 06:00:00
S0524,P084,T002,switch,2026-06-19 14:30:27,2026-06-19 15:44:15,4428,Switch OLED,2.2.1,JP,1,False,wifi,2026-08-05 06:00:00
S0525,P084,T002,switch,2026-05-29 17:20:19,2026-05-29 18:24:06,3827,Switch,2.2.1,JP,8,False,ethernet,2026-08-05 06:00:00
S0526,P084,T002,steam,2026-05-31 11:26:43,2026-05-31 12:38:14,4291,Steam Deck,2.2.1,JP,0,False,ethernet,2026-08-05 06:00:00
S0527,P084,T002,steam,2026-05-30 18:30:20,2026-05-30 19:41:07,4247,PC (Linux),2.2.1,JP,3,False,wifi,2026-08-05 06:00:00
S0528,P088,T002,steam,2026-06-27 20:49:38,2026-06-27 21:50:11,3633,PC (Linux),2.2.1,US,3,False,ethernet,2026-08-05 06:00:00
S0529,P088,T002,switch,2026-06-10 08:11:22,2026-06-10 09:15:52,3870,Switch,2.2.1,US,4,False,ethernet,2026-08-05 06:00:00
S0530,P088,T002,steam,2026-06-10 16:47:22,2026-06-10 17:17:31,1809,PC (Linux),2.2.1,US,1,False,ethernet,2026-08-05 06:00:00
S0531,P088,T002,steam,2026-07-31 16:31:00,2026-07-31 17:09:31,2311,PC (Windows),2.2.1,US,7,False,ethernet,2026-08-05 06:00:00
S0532,P097,T002,steam,2026-06-10 19:14:48,2026-06-10 19:59:08,2660,PC (Windows),2.2.1,GB,3,False,ethernet,2026-08-05 06:00:00
S0533,P097,T002,switch,2026-06-28 17:37:26,2026-06-28 18:53:29,4563,Switch OLED,2.2.1,GB,0,False,wifi,2026-08-05 06:00:00
S0534,P097,T002,switch,2026-08-01 10:35:05,2026-08-01 11:59:17,5052,Switch OLED,2.2.1,GB,8,False,wifi,2026-08-05 06:00:00
S0535,P097,T002,steam,2026-06-25 10:58:59,2026-06-25 11:30:56,1917,Steam Deck,2.2.1,GB,1,False,ethernet,2026-08-05 06:00:00
S0536,P097,T002,steam,2026-06-05 09:48:28,2026-06-05 11:05:45,4637,PC (Linux),2.2.1,GB,1,False,wifi,2026-08-05 06:00:00
S0537,P097,T002,switch,2026-07-29 20:09:22,2026-07-29 20:51:26,2524,Switch,2.2.1,GB,1,False,wifi,2026-08-05 06:00:00
S0538,P097,T002,steam,2026-06-26 10:48:09,2026-06-26 11:37:41,2972,Steam Deck,2.2.1,GB,5,False,ethernet,2026-08-05 06:00:00
S0539,P097,T002,switch,2026-06-26 17:43:47,2026-06-26 18:57:59,4452,Switch,2.2.1,GB,2,False,wifi,2026-08-05 06:00:00
S0540,P113,T002,steam,2026-07-28 17:12:11,2026-07-28 18:20:42,4111,Steam Deck,2.2.1,JP,6,False,wifi,2026-08-05 06:00:00
S0541,P113,T002,steam,2026-08-02 12:36:05,2026-08-02 12:58:47,1362,Steam Deck,2.2.1,JP,7,False,wifi,2026-08-05 06:00:00
S0542,P113,T002,steam,2026-07-24 23:59:27,2026-07-25 00:45:55,2788,PC (Linux),2.2.1,JP,3,False,wifi,2026-08-05 06:00:00
S0543,P012,T004,playstation,2026-06-30 19:48:25,2026-06-30 20:46:17,3472,PS5,1.5.1,DE,4,False,ethernet,2026-08-05 06:00:00
S0544,P012,T004,switch,2026-08-04 20:41:19,2026-08-04 21:39:16,3477,Switch,1.5.1,DE,1,False,wifi,2026-08-05 06:00:00
S0545,P012,T004,steam,2026-07-01 13:23:59,2026-07-01 14:21:32,3453,PC (Linux),1.5.1,DE,3,True,wifi,2026-08-05 06:00:00
S0546,P028,T004,steam,2026-07-29 11:10:05,2026-07-29 11:50:53,2448,PC (Windows),1.5.1,US,1,False,ethernet,2026-08-05 06:00:00
S0547,P034,T004,steam,2026-03-27 15:14:50,2026-03-27 15:34:38,1188,Steam Deck,1.5.1,US,6,False,ethernet,2026-08-05 06:00:00
S0548,P034,T004,steam,2026-07-15 17:45:49,2026-07-15 18:02:21,992,PC (Windows),1.5.1,US,1,False,ethernet,2026-08-05 06:00:00
S0549,P034,T004,steam,2026-03-24 17:41:51,2026-03-24 18:49:47,4076,PC (Windows),1.5.1,US,0,False,ethernet,2026-08-05 06:00:00
S0550,P034,T004,steam,2026-04-06 19:22:08,2026-04-06 20:12:22,3014,Steam Deck,1.5.1,US,1,False,ethernet,2026-08-05 06:00:00
S0551,P034,T004,playstation,2026-04-21 12:52:23,2026-04-21 13:22:22,1799,PS5,1.5.1,US,0,False,ethernet,2026-08-05 06:00:00
S0552,P034,T004,playstation,2026-05-10 14:26:07,2026-05-10 15:11:59,2752,PS4,1.5.1,US,1,False,wifi,2026-08-05 06:00:00
S0553,P045,T004,switch,2026-05-16 07:00:52,2026-05-16 07:18:11,1039,Switch OLED,1.5.1,DE,3,False,wifi,2026-08-05 06:00:00
S0554,P045,T004,steam,2026-06-14 13:12:25,2026-06-14 13:34:35,1330,PC (Windows),1.5.1,DE,5,False,ethernet,2026-08-05 06:00:00
S0555,P045,T004,switch,2026-05-19 19:03:26,2026-05-19 20:02:56,3570,Switch OLED,1.5.1,DE,4,False,wifi,2026-08-05 06:00:00
S0556,P045,T004,playstation,2026-07-09 12:49:35,2026-07-09 14:09:45,4810,PS4,1.5.1,DE,0,False,ethernet,2026-08-05 06:00:00
S0557,P059,T004,steam,2026-04-17 23:35:01,2026-04-18 00:42:20,4039,PC (Linux),1.5.1,US,4,False,wifi,2026-08-05 06:00:00
S0558,P059,T004,steam,2026-03-13 11:08:55,2026-03-13 11:33:26,1471,PC (Linux),1.5.1,US,7,False,wifi,2026-08-05 06:00:00
S0559,P059,T004,steam,2026-03-16 18:49:52,2026-03-16 19:11:28,1296,PC (Windows),1.5.1,US,3,False,wifi,2026-08-05 06:00:00
S0560,P059,T004,steam,2026-03-24 03:09:42,2026-03-24 04:35:44,5162,PC (Linux),1.5.1,US,6,False,ethernet,2026-08-05 06:00:00
S0561,P059,T004,switch,2026-03-24 10:03:53,2026-03-24 11:14:33,4240,Switch OLED,1.5.1,US,5,False,ethernet,2026-08-05 06:00:00
S0562,P059,T004,steam,2026-03-14 14:57:31,2026-03-14 15:30:21,1970,Steam Deck,1.5.1,US,5,True,wifi,2026-08-05 06:00:00
S0563,P059,T004,playstation,2026-03-24 14:00:30,2026-03-24 14:24:56,1466,PS4,1.5.1,US,7,False,ethernet,2026-08-05 06:00:00
S0564,P068,T004,steam,2026-07-05 19:45:55,2026-07-05 21:00:04,4449,Steam Deck,1.5.1,US,4,False,wifi,2026-08-05 06:00:00
S0565,P068,T004,playstation,2026-07-14 18:07:33,2026-07-14 18:38:42,1869,PS5,1.5.1,US,4,False,ethernet,2026-08-05 06:00:00
S0566,P068,T004,playstation,2026-07-03 19:31:51,2026-07-03 19:56:06,1455,PS5,1.5.1,US,0,False,ethernet,2026-08-05 06:00:00
S0567,P068,T004,steam,2026-07-19 14:47:52,2026-07-19 15:03:08,916,Steam Deck,1.5.1,US,6,False,ethernet,2026-08-05 06:00:00
S0568,P081,T004,steam,2026-07-21 08:12:46,2026-07-21 09:20:14,4048,Steam Deck,1.5.1,US,7,False,ethernet,2026-08-05 06:00:00
S0569,P081,T004,steam,2026-06-05 19:22:08,2026-06-05 19:46:39,1471,PC (Windows),1.5.1,US,0,True,wifi,2026-08-05 06:00:00
S0570,P081,T004,playstation,2026-06-18 00:01:20,2026-06-18 01:22:27,4867,PS4,1.5.1,US,4,False,ethernet,2026-08-05 06:00:00
S0571,P081,T004,steam,2026-06-20 20:10:30,2026-06-20 20:59:19,2929,PC (Linux),1.5.1,US,0,False,wifi,2026-08-05 06:00:00
S0572,P090,T004,playstation,2026-07-27 21:02:57,2026-07-27 21:47:22,2665,PS4,1.5.1,JP,6,False,ethernet,2026-08-05 06:00:00
S0573,P090,T004,steam,2026-07-05 17:38:15,2026-07-05 17:55:42,1047,PC (Linux),1.5.1,JP,7,False,ethernet,2026-08-05 06:00:00
S0574,P090,T004,switch,2026-07-11 15:42:50,2026-07-11 17:10:46,5276,Switch,1.5.1,JP,6,False,wifi,2026-08-05 06:00:00
S0575,P090,T004,steam,2026-07-13 18:55:28,2026-07-13 19:45:44,3016,Steam Deck,1.5.1,JP,2,False,wifi,2026-08-05 06:00:00
S0576,P090,T004,steam,2026-07-05 11:12:44,2026-07-05 12:23:03,4219,PC (Linux),1.5.1,JP,2,False,wifi,2026-08-05 06:00:00
S0577,P090,T004,steam,2026-07-09 18:56:40,2026-07-09 19:34:05,2245,Steam Deck,1.5.1,JP,1,False,wifi,2026-08-05 06:00:00
S0578,P103,T004,steam,2026-08-01 01:32:09,2026-08-01 02:10:48,2319,PC (Windows),1.5.1,BR,7,False,wifi,2026-08-05 06:00:00
S0579,P103,T004,switch,2026-08-01 13:34:19,2026-08-01 15:04:17,5398,Switch OLED,1.5.1,BR,6,False,ethernet,2026-08-05 06:00:00
S0580,P103,T004,steam,2026-08-02 16:55:04,2026-08-02 18:16:15,4871,Steam Deck,1.5.1,BR,7,False,ethernet,2026-08-05 06:00:00
S0581,P103,T004,switch,2026-08-01 11:29:45,2026-08-01 12:46:08,4583,Switch OLED,1.5.1,BR,5,False,wifi,2026-08-05 06:00:00
S0582,P103,T004,switch,2026-08-04 14:56:54,2026-08-04 15:21:34,1480,Switch OLED,1.5.1,BR,1,False,wifi,2026-08-05 06:00:00
S0583,P103,T004,playstation,2026-08-02 06:07:19,2026-08-02 07:09:05,3706,PS4,1.5.1,BR,8,False,wifi,2026-08-05 06:00:00
S0584,P119,T004,steam,2026-08-01 19:46:52,2026-08-01 20:54:24,4052,Steam Deck,1.5.1,US,6,False,ethernet,2026-08-05 06:00:00
S0585,P119,T004,switch,2026-08-01 20:55:35,2026-08-01 21:25:05,1770,Switch,1.5.1,US,4,False,ethernet,2026-08-05 06:00:00
S0586,P119,T004,switch,2026-08-01 23:48:09,2026-08-02 00:33:49,2740,Switch OLED,1.5.1,US,1,False,wifi,2026-08-05 06:00:00
S0587,P002,T003,steam,2026-01-13 18:18:02,2026-01-13 18:56:48,2326,Steam Deck,1.3.1,DE,7,True,wifi,2026-08-05 06:00:00
S0588,P002,T003,ios,2026-02-14 07:27:55,2026-02-14 07:36:49,534,iPad Air,1.3.1,DE,1,False,cellular,2026-08-05 06:00:00
S0589,P002,T003,steam,2026-01-08 11:10:15,2026-01-08 12:11:33,3678,PC (Windows),1.3.1,DE,1,False,wifi,2026-08-05 06:00:00
S0590,P004,T003,ios,2026-01-26 08:22:01,2026-01-26 08:29:38,457,iPad Air,1.3.1,GB,0,False,cellular,2026-08-05 06:00:00
S0591,P004,T003,ios,2026-02-26 20:41:30,2026-02-26 20:45:10,220,iPhone 14,1.3.1,GB,0,False,cellular,2026-08-05 06:00:00
S0592,P004,T003,steam,2026-02-02 22:09:28,2026-02-02 23:28:43,4755,PC (Linux),1.3.1,GB,1,False,ethernet,2026-08-05 06:00:00
S0593,P004,T003,steam,2026-02-08 14:53:58,2026-02-08 16:23:32,5374,Steam Deck,1.3.1,GB,4,False,ethernet,2026-08-05 06:00:00
S0594,P009,T003,steam,2025-12-23 04:57:27,2025-12-23 05:28:25,1858,Steam Deck,1.3.1,GB,2,False,ethernet,2026-08-05 06:00:00
S0595,P010,T003,steam,2026-02-25 12:57:04,2026-02-25 14:24:55,5271,Steam Deck,1.3.1,US,8,False,wifi,2026-08-05 06:00:00
S0596,P010,T003,steam,2025-10-24 22:28:58,2025-10-24 23:31:16,3738,PC (Windows),1.3.1,US,1,False,ethernet,2026-08-05 06:00:00
S0597,P010,T003,steam,2025-10-29 19:26:28,2025-10-29 20:17:24,3056,PC (Windows),1.3.1,US,1,False,wifi,2026-08-05 06:00:00
S0598,P010,T003,steam,2026-01-17 00:03:30,2026-01-17 00:55:04,3094,PC (Windows),1.3.1,US,1,False,wifi,2026-08-05 06:00:00
S0599,P010,T003,steam,2025-11-25 22:55:40,2025-11-25 23:35:52,2412,PC (Windows),1.3.1,US,3,False,ethernet,2026-08-05 06:00:00
S0600,P010,T003,ios,2025-12-01 20:37:45,2025-12-01 21:01:02,1397,iPhone 15,1.3.1,US,3,False,wifi,2026-08-05 06:00:00
S0601,P010,T003,steam,2025-11-26 19:39:20,2025-11-26 20:39:38,3618,Steam Deck,1.3.1,US,1,True,ethernet,2026-08-05 06:00:00
S0041,P016,T005,steam,2025-10-02 13:42:58,2025-10-02 14:18:46,2148,PC (Windows),3.1.0,US,4,False,wifi,2026-08-05 06:00:00
S0042,P016,T005,xbox,2025-10-05 15:25:41,2025-10-05 15:51:15,1534,Xbox One,3.1.0,US,6,False,ethernet,2026-08-05 06:00:00
S0043,P016,T005,android,2025-10-12 14:50:05,2025-10-12 15:12:06,1321,Pixel 7,3.1.0,US,2,False,wifi,2026-08-05 06:00:00
