release_id,title_id,app_version,released_at,release_type,release_notes,dev_days_estimated,dev_days_actual,qa_bug_count,is_rollback,_loaded_at
R001,T005,3.0.0,2025-08-01 07:59:31,major,Season 3 launch: new map rotation and ranked reset.,40,44,12,False,2026-08-05 06:00:00
R002,T005,3.1.0,2025-09-10 04:33:44,minor,Weapon balance pass and matchmaking tweaks.,12,13,4,False,2026-08-05 06:00:00
R003,T005,3.2.0,2025-11-15 09:17:31,content_drop,"Autumn content drop: new operator, LTM, and cosmetics.",25,27,6,False,2026-08-05 06:00:00
R004,T005,3.2.1,2025-11-20 13:07:35,hotfix,Fix cosmetic store pricing bug.,2,2,1,False,2026-08-05 06:00:00
R005,T005,3.3.0,2025-12-18 21:58:37,event,Winter event: limited-time festive mode.,10,11,3,False,2026-08-05 06:00:00
R006,T005,3.4.0,2026-01-22 14:56:21,minor,Ranked season roll and audio fixes.,12,12,3,False,2026-08-05 06:00:00
R007,T005,3.5.0,2026-02-14 20:13:33,content_drop,Valentine's collab skins and new POI.,24,26,5,False,2026-08-05 06:00:00
R008,T005,4.0.0,2026-03-10 18:06:00,major,Engine 5 upgrade. Shipped with severe crash regressions.,45,71,38,False,2026-08-05 06:00:00
R009,T005,4.0.1,2026-03-14 07:13:33,hotfix,Rollback of 4.0.0 renderer changes after crash spike.,3,4,2,True,2026-08-05 06:00:00
R010,T005,4.0.2,2026-03-18 21:42:40,hotfix,Re-land Engine 5 upgrade behind a flag.,4,5,3,False,2026-08-05 06:00:00
R011,T005,4.1.0,2026-04-20 22:23:54,minor,Stability and anti-cheat improvements.,14,15,4,False,2026-08-05 06:00:00
R012,T005,4.2.0,2026-05-22 08:41:40,content_drop,Summer content drop and battle pass 12.,26,28,6,False,2026-08-05 06:00:00
R013,T005,4.3.0,2026-06-20 18:47:39,event,Anniversary event and login rewards.,11,12,3,False,2026-08-05 06:00:00
R014,T005,4.4.0,2026-07-15 22:45:01,minor,Performance pass on mobile clients.,13,14,4,False,2026-08-05 06:00:00
R015,T007,2.4.0,2025-08-05 02:27:52,minor,New defensive tower line.,10,11,3,False,2026-08-05 06:00:00
R016,T007,2.5.0,2025-10-01 19:14:39,content_drop,Campaign chapter 5 and event tokens.,18,20,5,False,2026-08-05 06:00:00
R017,T007,2.5.1,2025-10-08 10:11:48,hotfix,Fix token grant duplication.,2,2,1,False,2026-08-05 06:00:00
R018,T007,2.6.0,2025-12-10 06:32:26,event,Holiday siege event.,9,10,2,False,2026-08-05 06:00:00
R019,T007,2.7.0,2026-02-20 19:37:33,minor,Guild features and balance.,11,12,3,False,2026-08-05 06:00:00
R020,T007,2.8.0,2026-04-15 10:38:21,content_drop,Campaign chapter 6.,17,18,4,False,2026-08-05 06:00:00
R021,T007,2.9.0,2026-06-05 09:31:44,minor,Quality-of-life and localisation.,10,10,2,False,2026-08-05 06:00:00
R022,T007,2.9.1,2026-07-20 10:30:56,hotfix,Fix crash on guild-war join.,2,3,1,False,2026-08-05 06:00:00
R023,T008,1.0.0,2026-05-15 19:41:53,major,Worldwide launch.,60,66,15,False,2026-08-05 06:00:00
R024,T008,1.0.1,2026-05-22 16:54:57,hotfix,Launch stability fixes.,3,4,4,False,2026-08-05 06:00:00
R025,T008,1.1.0,2026-06-18 22:24:28,content_drop,Season 1 pass and new stadiums.,16,17,4,False,2026-08-05 06:00:00
R026,T008,1.2.0,2026-07-25 19:49:58,minor,Online multiplayer improvements.,12,13,3,False,2026-08-05 06:00:00
R027,T001,1.7.0,2025-08-01 15:23:29,minor,Compatibility patch for latest OS.,8,9,2,False,2026-08-05 06:00:00
R028,T001,1.7.1,2025-11-02 06:37:11,hotfix,Fix save corruption on Switch.,2,2,1,False,2026-08-05 06:00:00
R029,T001,1.8.0,2026-03-01 18:46:52,minor,Accessibility options update.,9,10,3,False,2026-08-05 06:00:00
R030,T002,2.1.0,2025-08-01 06:05:01,minor,Leaderboard fixes.,6,6,2,False,2026-08-05 06:00:00
R031,T002,2.2.0,2025-10-15 18:03:58,content_drop,Neon Nights DLC pack.,14,16,4,False,2026-08-05 06:00:00
R032,T002,2.2.1,2026-01-10 11:08:56,hotfix,Fix DLC unlock entitlement.,2,2,1,False,2026-08-05 06:00:00
R033,T004,1.4.0,2025-08-01 02:34:27,minor,Controller remap support.,7,7,2,False,2026-08-05 06:00:00
R034,T004,1.5.0,2025-12-05 10:32:27,content_drop,Frozen Peaks level pack.,15,16,4,False,2026-08-05 06:00:00
R035,T004,1.5.1,2026-02-02 19:18:18,hotfix,Fix speedrun timer drift.,2,3,1,False,2026-08-05 06:00:00
R036,T006,1.2.0,2025-08-01 18:18:23,minor,New time-trial tracks.,8,8,2,False,2026-08-05 06:00:00
R037,T006,1.3.0,2025-11-28 20:17:46,content_drop,Dessert Circuit expansion.,16,17,4,False,2026-08-05 06:00:00
R038,T006,1.3.1,2026-04-05 18:34:01,hotfix,Fix ghost data desync.,2,2,1,False,2026-08-05 06:00:00
R039,T003,1.3.0,2025-08-10 23:17:27,minor,Localisation and bug fixes.,6,7,2,False,2026-08-05 06:00:00
R040,T003,1.3.1,2025-09-15 08:48:48,hotfix,Fix cloud-save conflict.,2,2,1,False,2026-08-05 06:00:00
