score_id,player_id,title_id,leaderboard_id,score_value,submitted_at,is_verified,flagged_for_cheating,_loaded_at
HS0001,P024,T005,gr_ltm_weekly,33391,2026-04-22 12:00:02,True,False,2026-08-05 06:00:00
HS0002,P042,T005,gr_ranked_global,17482,2026-05-25 12:35:35,True,False,2026-08-05 06:00:00
HS0003,P068,T005,gr_ltm_weekly,3267,2026-03-12 21:47:00,True,False,2026-08-05 06:00:00
HS0004,P034,T005,gr_ltm_weekly,12651,2026-05-09 11:05:41,True,False,2026-08-05 06:00:00
HS0005,P057,T005,gr_ranked_global,35525,2026-07-24 20:20:11,True,False,2026-08-05 06:00:00
HS0006,P050,T005,gr_ranked_global,21838,2026-05-05 09:59:28,True,False,2026-08-05 06:00:00
HS0007,P024,T005,gr_ranked_global,64968,2026-05-13 12:34:40,True,False,2026-08-05 06:00:00
HS0008,P019,T005,gr_ranked_global,51468,2026-05-13 18:34:03,True,False,2026-08-05 06:00:00
HS0009,P077,T005,gr_ranked_global,21505,2026-05-06 21:00:46,True,False,2026-08-05 06:00:00
HS0010,P007,T005,gr_ranked_global,21769,2025-09-16 19:35:34,True,False,2026-08-05 06:00:00
HS0011,P019,T005,gr_ltm_weekly,42525,2026-02-09 16:26:47,True,False,2026-08-05 06:00:00
HS0012,P079,T005,gr_ranked_global,21671,2026-07-01 21:00:11,True,False,2026-08-05 06:00:00
HS0013,P067,T005,gr_ranked_global,68352,2026-07-12 12:54:32,True,False,2026-08-05 06:00:00
HS0014,P090,T005,gr_ltm_weekly,48111,2026-06-26 02:17:20,True,False,2026-08-05 06:00:00
HS0015,P085,T005,gr_ltm_weekly,12976,2026-07-04 02:43:08,True,False,2026-08-05 06:00:00
HS0016,P078,T005,gr_ltm_weekly,13458,2026-04-22 04:32:53,True,False,2026-08-05 06:00:00
HS0017,P053,T005,gr_ltm_weekly,75887,2026-08-01 10:49:32,False,False,2026-08-05 06:00:00
HS0018,P107,T005,gr_ranked_global,67573,2026-07-11 09:49:23,True,False,2026-08-05 06:00:00
HS0019,P017,T005,gr_ranked_global,79451,2026-07-04 11:10:56,True,False,2026-08-05 06:00:00
HS0020,P080,T005,gr_ltm_weekly,32687,2026-07-25 20:50:44,True,False,2026-08-05 06:00:00
HS0021,P059,T005,gr_ranked_global,27065,2026-03-10 17:52:57,True,False,2026-08-05 06:00:00
HS0022,P005,T005,gr_ltm_weekly,75873,2026-04-06 10:02:58,False,False,2026-08-05 06:00:00
HS0023,P002,T005,gr_ltm_weekly,99996,2026-01-28 08:38:57,False,True,2026-08-05 06:00:00
HS0024,P032,T005,gr_ranked_global,26420,2025-12-24 16:32:15,True,False,2026-08-05 06:00:00
HS0025,P003,T005,gr_ranked_global,16766,2026-03-07 10:32:47,True,False,2026-08-05 06:00:00
HS0026,P032,T005,gr_ranked_global,35245,2026-01-21 09:07:52,True,False,2026-08-05 06:00:00
HS0027,P080,T005,gr_ltm_weekly,75717,2026-07-26 03:29:29,False,False,2026-08-05 06:00:00
HS0028,P034,T005,gr_ltm_weekly,68449,2026-02-05 19:22:07,True,False,2026-08-05 06:00:00
HS0029,P094,T005,gr_ltm_weekly,66689,2026-06-04 16:59:09,True,False,2026-08-05 06:00:00
HS0030,P076,T005,gr_ranked_global,44635,2026-05-31 10:59:08,True,False,2026-08-05 06:00:00
HS0031,P085,T005,gr_ranked_global,22987,2026-07-10 04:31:49,True,False,2026-08-05 06:00:00
HS0032,P117,T005,gr_ltm_weekly,83265,2026-07-24 14:31:57,False,False,2026-08-05 06:00:00
HS0033,P111,T005,gr_ranked_global,84396,2026-07-28 16:55:34,True,False,2026-08-05 06:00:00
HS0034,P073,T005,gr_ltm_weekly,89958,2026-03-30 04:44:14,False,False,2026-08-05 06:00:00
HS0035,P012,T005,gr_ranked_global,9134,2025-11-09 17:44:10,True,False,2026-08-05 06:00:00
HS0036,P025,T005,gr_ranked_global,20362,2026-05-09 22:00:16,True,False,2026-08-05 06:00:00
HS0037,P085,T005,gr_ranked_global,11045,2026-06-08 21:39:43,True,False,2026-08-05 06:00:00
HS0038,P040,T005,gr_ranked_global,19697,2026-01-13 13:56:00,True,False,2026-08-05 06:00:00
HS0039,P047,T005,gr_ranked_global,23522,2026-08-01 10:50:19,False,False,2026-08-05 06:00:00
HS0040,P020,T005,gr_ltm_weekly,32678,2026-03-16 00:10:53,True,False,2026-08-05 06:00:00
HS0041,P004,T005,gr_ranked_global,76226,2025-11-27 20:32:07,True,False,2026-08-05 06:00:00
HS0042,P006,T005,gr_ltm_weekly,28173,2025-12-08 22:04:49,True,False,2026-08-05 06:00:00
HS0043,P053,T005,gr_ranked_global,83856,2026-03-25 06:47:09,True,False,2026-08-05 06:00:00
HS0044,P017,T005,gr_ltm_weekly,58475,2025-12-23 21:06:54,False,False,2026-08-05 06:00:00
HS0045,P110,T005,gr_ltm_weekly,84964,2026-07-15 11:45:19,True,False,2026-08-05 06:00:00
HS0046,P084,T005,gr_ranked_global,24196,2026-07-04 15:15:18,True,False,2026-08-05 06:00:00
HS0047,P011,T005,gr_ranked_global,89568,2026-02-07 21:25:20,True,False,2026-08-05 06:00:00
HS0048,P017,T005,gr_ranked_global,80345,2026-06-28 12:45:43,True,False,2026-08-05 06:00:00
HS0049,P111,T005,gr_ranked_global,65440,2026-07-25 14:04:11,True,False,2026-08-05 06:00:00
HS0050,P077,T005,gr_ltm_weekly,80614,2026-04-26 16:15:19,True,False,2026-08-05 06:00:00
HS0051,P094,T005,gr_ranked_global,29262,2026-05-14 19:45:18,True,False,2026-08-05 06:00:00
HS0052,P058,T005,gr_ltm_weekly,61540,2026-04-12 19:37:51,True,False,2026-08-05 06:00:00
HS0053,P110,T005,gr_ranked_global,31363,2026-06-30 13:29:37,True,False,2026-08-05 06:00:00
HS0054,P058,T005,gr_ltm_weekly,36058,2026-04-27 13:22:19,True,False,2026-08-05 06:00:00
HS0055,P060,T005,gr_ltm_weekly,7691,2026-02-27 06:39:29,True,False,2026-08-05 06:00:00
HS0056,P067,T005,gr_ranked_global,65860,2026-07-04 09:28:59,True,False,2026-08-05 06:00:00
HS0057,P040,T005,gr_ltm_weekly,68851,2026-03-16 19:12:17,True,False,2026-08-05 06:00:00
HS0058,P103,T005,gr_ranked_global,13446,2026-07-23 06:49:07,True,False,2026-08-05 06:00:00
HS0059,P016,T005,gr_ltm_weekly,86772,2026-01-17 14:18:28,True,False,2026-08-05 06:00:00
HS0060,P051,T005,gr_ltm_weekly,86137,2026-06-28 18:46:59,False,False,2026-08-05 06:00:00
HS0061,P029,T005,gr_ranked_global,54117,2026-02-05 20:27:55,True,False,2026-08-05 06:00:00
HS0062,P080,T005,gr_ranked_global,78611,2026-07-02 16:45:52,True,False,2026-08-05 06:00:00
HS0063,P013,T005,gr_ranked_global,9974,2026-01-05 18:14:02,True,False,2026-08-05 06:00:00
HS0064,P087,T005,gr_ltm_weekly,18156,2026-07-24 17:04:38,True,False,2026-08-05 06:00:00
HS0065,P009,T005,gr_ltm_weekly,18083,2026-04-20 07:11:17,True,False,2026-08-05 06:00:00
HS0066,P028,T005,gr_ranked_global,19375,2025-11-07 13:09:53,True,False,2026-08-05 06:00:00
HS0067,P060,T005,gr_ranked_global,66428,2026-04-21 07:38:39,True,False,2026-08-05 06:00:00
HS0068,P013,T005,gr_ltm_weekly,9838,2026-04-17 20:08:35,True,False,2026-08-05 06:00:00
HS0069,P067,T005,gr_ranked_global,11890,2026-02-27 17:04:53,True,False,2026-08-05 06:00:00
HS0070,P004,T005,gr_ranked_global,47365,2026-06-10 18:38:03,True,False,2026-08-05 06:00:00
HS0071,P067,T005,gr_ltm_weekly,65118,2026-05-21 09:03:13,True,False,2026-08-05 06:00:00
HS0072,P119,T005,gr_ltm_weekly,33840,2026-08-02 18:55:13,True,False,2026-08-05 06:00:00
HS0073,P103,T005,gr_ltm_weekly,89769,2026-07-27 21:18:36,True,False,2026-08-05 06:00:00
HS0074,P107,T005,gr_ranked_global,33009,2026-06-30 08:28:02,True,False,2026-08-05 06:00:00
HS0075,P089,T005,gr_ltm_weekly,4457,2026-04-25 15:01:55,True,False,2026-08-05 06:00:00
HS0076,P087,T005,gr_ranked_global,87257,2026-04-30 19:51:55,True,False,2026-08-05 06:00:00
HS0077,P020,T005,gr_ranked_global,1383,2025-09-29 09:57:12,True,False,2026-08-05 06:00:00
HS0078,P076,T005,gr_ltm_weekly,68151,2026-06-25 12:44:13,True,False,2026-08-05 06:00:00
HS0079,P004,T005,gr_ranked_global,14689,2026-05-17 11:28:34,False,False,2026-08-05 06:00:00
HS0080,P050,T005,gr_ltm_weekly,51357,2026-03-08 20:34:36,True,False,2026-08-05 06:00:00
HS0081,P020,T005,gr_ltm_weekly,14339,2026-07-11 13:58:32,True,False,2026-08-05 06:00:00
HS0082,P050,T005,gr_ltm_weekly,88530,2026-02-08 17:26:00,True,False,2026-08-05 06:00:00
HS0083,P090,T005,gr_ranked_global,53738,2026-04-24 16:38:29,True,False,2026-08-05 06:00:00
HS0084,P035,T005,gr_ltm_weekly,55780,2026-04-05 06:25:45,True,False,2026-08-05 06:00:00
HS0085,P061,T005,gr_ranked_global,56287,2026-07-30 19:33:57,True,False,2026-08-05 06:00:00
HS0086,P059,T005,gr_ltm_weekly,19880,2026-03-02 08:25:04,True,False,2026-08-05 06:00:00
HS0087,P073,T005,gr_ltm_weekly,71523,2026-04-28 18:48:43,True,False,2026-08-05 06:00:00
HS0088,P009,T005,gr_ranked_global,63673,2025-12-06 16:56:22,False,False,2026-08-05 06:00:00
HS0089,P053,T005,gr_ltm_weekly,51820,2026-07-10 20:09:46,False,False,2026-08-05 06:00:00
HS0090,P001,T005,gr_ltm_weekly,551724,2025-08-22 18:56:23,False,True,2026-08-05 06:00:00
HS0091,P110,T005,gr_ranked_global,61414,2026-08-03 17:31:15,False,False,2026-08-05 06:00:00
HS0092,P013,T005,gr_ltm_weekly,44197,2025-10-09 17:00:40,True,False,2026-08-05 06:00:00
HS0093,P007,T005,gr_ltm_weekly,85437,2026-07-20 18:06:47,True,False,2026-08-05 06:00:00
HS0094,P083,T005,gr_ltm_weekly,70191,2026-06-19 16:25:46,True,False,2026-08-05 06:00:00
HS0095,P117,T005,gr_ltm_weekly,10545,2026-07-22 19:08:53,True,False,2026-08-05 06:00:00
HS0096,P076,T005,gr_ltm_weekly,38465,2026-05-09 23:26:56,False,False,2026-08-05 06:00:00
HS0097,P067,T005,gr_ranked_global,40729,2026-06-28 15:05:04,False,False,2026-08-05 06:00:00
HS0098,P075,T005,gr_ltm_weekly,5539,2026-06-05 20:53:35,False,False,2026-08-05 06:00:00
HS0099,P063,T005,gr_ranked_global,25144,2026-08-03 12:46:46,False,False,2026-08-05 06:00:00
HS0100,P084,T005,gr_ltm_weekly,35416,2026-05-10 16:10:49,True,False,2026-08-05 06:00:00
HS0101,P061,T005,gr_ranked_global,65046,2026-05-03 11:25:34,True,False,2026-08-05 06:00:00
HS0102,P001,T005,gr_ranked_global,429804,2026-03-27 20:02:31,False,True,2026-08-05 06:00:00
HS0103,P013,T005,gr_ltm_weekly,76973,2026-07-26 10:56:51,True,False,2026-08-05 06:00:00
HS0104,P061,T005,gr_ltm_weekly,41204,2026-05-14 16:51:19,True,False,2026-08-05 06:00:00
HS0105,P060,T005,gr_ranked_global,2769,2026-06-10 18:09:39,True,False,2026-08-05 06:00:00
HS0106,P093,T005,gr_ranked_global,28576,2026-07-21 11:50:11,True,False,2026-08-05 06:00:00
HS0107,P028,T005,gr_ranked_global,89436,2026-07-30 08:19:58,True,False,2026-08-05 06:00:00
HS0108,P040,T005,gr_ranked_global,80079,2025-11-29 02:36:04,True,False,2026-08-05 06:00:00
HS0109,P063,T005,gr_ltm_weekly,89510,2026-07-24 22:02:34,True,False,2026-08-05 06:00:00
HS0110,P087,T005,gr_ranked_global,53072,2026-08-04 13:38:55,True,False,2026-08-05 06:00:00
HS0111,P018,T005,gr_ltm_weekly,84629,2026-04-19 17:13:22,True,False,2026-08-05 06:00:00
HS0112,P068,T005,gr_ltm_weekly,9606,2026-07-28 16:33:54,True,False,2026-08-05 06:00:00
HS0113,P023,T005,gr_ranked_global,50713,2026-01-26 14:54:58,True,False,2026-08-05 06:00:00
HS0114,P053,T005,gr_ranked_global,64663,2026-02-08 21:27:32,True,False,2026-08-05 06:00:00
HS0115,P038,T005,gr_ltm_weekly,18852,2025-12-12 13:51:45,True,False,2026-08-05 06:00:00
HS0116,P110,T005,gr_ltm_weekly,40154,2026-07-11 20:49:47,True,False,2026-08-05 06:00:00
HS0117,P029,T005,gr_ltm_weekly,80731,2026-06-08 20:28:20,True,False,2026-08-05 06:00:00
HS0118,P011,T005,gr_ltm_weekly,21268,2025-12-31 17:20:37,True,False,2026-08-05 06:00:00
HS0119,P051,T005,gr_ranked_global,76210,2026-04-20 18:18:40,True,False,2026-08-05 06:00:00
HS0120,P004,T005,gr_ltm_weekly,33438,2025-09-09 20:54:39,True,False,2026-08-05 06:00:00
HS0121,P006,T005,gr_ranked_global,44389,2026-03-26 07:33:04,True,False,2026-08-05 06:00:00
HS0122,P051,T005,gr_ltm_weekly,80479,2026-07-31 12:35:48,True,False,2026-08-05 06:00:00
HS0123,P009,T005,gr_ranked_global,88761,2025-12-22 18:45:35,True,False,2026-08-05 06:00:00
HS0124,P031,T005,gr_ranked_global,40209,2026-04-09 01:17:31,True,False,2026-08-05 06:00:00
HS0125,P084,T005,gr_ranked_global,30624,2026-07-08 17:37:28,True,False,2026-08-05 06:00:00
HS0126,P032,T005,gr_ltm_weekly,88126,2026-02-10 19:00:06,True,False,2026-08-05 06:00:00
HS0127,P060,T005,gr_ranked_global,19616,2026-04-07 12:16:44,True,False,2026-08-05 06:00:00
HS0128,P002,T005,gr_ranked_global,58053,2025-12-22 10:25:29,False,True,2026-08-05 06:00:00
HS0129,P080,T005,gr_ltm_weekly,56411,2026-04-12 11:40:30,True,False,2026-08-05 06:00:00
HS0130,P063,T005,gr_ltm_weekly,9197,2026-04-14 13:52:06,True,False,2026-08-05 06:00:00
HS0131,P040,T005,gr_ltm_weekly,69401,2026-07-23 08:18:20,True,False,2026-08-05 06:00:00
HS0132,P089,T005,gr_ranked_global,4811,2026-05-23 19:34:48,False,False,2026-08-05 06:00:00
HS0133,P089,T005,gr_ltm_weekly,20710,2026-08-01 15:03:27,True,False,2026-08-05 06:00:00
HS0134,P046,T005,gr_ltm_weekly,62500,2026-07-07 19:04:54,True,False,2026-08-05 06:00:00
HS0135,P053,T005,gr_ranked_global,81210,2026-06-28 20:10:18,True,False,2026-08-05 06:00:00
HS0136,P063,T005,gr_ltm_weekly,31426,2026-07-18 07:54:41,True,False,2026-08-05 06:00:00
HS0137,P058,T005,gr_ltm_weekly,44957,2026-07-06 20:23:26,True,False,2026-08-05 06:00:00
HS0138,P063,T005,gr_ltm_weekly,38940,2026-07-25 11:14:05,True,False,2026-08-05 06:00:00
HS0139,P044,T005,gr_ranked_global,61634,2026-06-19 07:55:38,True,False,2026-08-05 06:00:00
HS0140,P119,T005,gr_ltm_weekly,82354,2026-07-27 16:48:33,True,False,2026-08-05 06:00:00
HS0141,P002,T005,gr_ltm_weekly,70314,2025-08-20 14:29:14,False,True,2026-08-05 06:00:00
HS0142,P100,T005,gr_ltm_weekly,23467,2026-06-23 13:28:51,True,False,2026-08-05 06:00:00
HS0143,P034,T005,gr_ltm_weekly,81264,2026-06-03 21:36:49,True,False,2026-08-05 06:00:00
HS0144,P037,T005,gr_ltm_weekly,64146,2026-04-21 18:01:30,True,False,2026-08-05 06:00:00
HS0145,P107,T005,gr_ltm_weekly,42718,2026-07-20 21:19:00,False,False,2026-08-05 06:00:00
HS0146,P116,T005,gr_ltm_weekly,70967,2026-08-05 13:17:16,True,False,2026-08-05 06:00:00
HS0147,P013,T005,gr_ranked_global,13125,2026-02-26 22:57:00,False,False,2026-08-05 06:00:00
HS0148,P061,T005,gr_ltm_weekly,45088,2026-04-03 10:40:25,True,False,2026-08-05 06:00:00
HS0149,P042,T005,gr_ltm_weekly,84943,2026-07-21 22:57:45,True,False,2026-08-05 06:00:00
HS0150,P080,T005,gr_ranked_global,46828,2026-07-06 23:44:44,True,False,2026-08-05 06:00:00
HS0151,P088,T002,nc_arcade_classic,78630,2026-08-05 18:10:50,True,False,2026-08-05 06:00:00
HS0152,P029,T002,nc_arcade_classic,30381,2026-04-06 21:25:14,True,False,2026-08-05 06:00:00
HS0153,P069,T002,nc_arcade_classic,35673,2026-07-18 15:04:35,True,False,2026-08-05 06:00:00
HS0154,P069,T002,nc_arcade_classic,40868,2026-04-16 12:33:27,True,False,2026-08-05 06:00:00
HS0155,P113,T002,nc_arcade_classic,57034,2026-07-26 15:06:34,True,False,2026-08-05 06:00:00
HS0156,P037,T002,nc_arcade_classic,34688,2026-04-28 23:35:30,True,False,2026-08-05 06:00:00
HS0157,P009,T002,nc_arcade_classic,64214,2026-06-29 02:15:36,True,False,2026-08-05 06:00:00
HS0158,P113,T002,nc_arcade_classic,1809,2026-07-26 01:03:58,True,False,2026-08-05 06:00:00
HS0159,P008,T002,nc_arcade_classic,74699,2025-11-18 12:23:38,False,False,2026-08-05 06:00:00
HS0160,P069,T002,nc_arcade_classic,5231,2026-07-16 18:57:57,True,False,2026-08-05 06:00:00
HS0161,P039,T002,nc_arcade_classic,9857,2026-01-19 08:17:27,True,False,2026-08-05 06:00:00
HS0162,P088,T002,nc_arcade_classic,15848,2026-07-09 13:30:03,True,False,2026-08-05 06:00:00
HS0163,P097,T002,nc_arcade_classic,42040,2026-07-25 15:21:23,True,False,2026-08-05 06:00:00
HS0164,P069,T002,nc_arcade_classic,41029,2026-05-01 18:45:56,True,False,2026-08-05 06:00:00
HS0165,P113,T002,nc_arcade_classic,5583,2026-08-01 20:06:51,True,False,2026-08-05 06:00:00
HS0166,P009,T002,nc_arcade_classic,62516,2025-09-24 13:01:46,True,False,2026-08-05 06:00:00
HS0167,P097,T002,nc_arcade_classic,4326,2026-05-16 22:26:11,True,False,2026-08-05 06:00:00
HS0168,P113,T002,nc_arcade_classic,27565,2026-07-30 17:53:37,True,False,2026-08-05 06:00:00
HS0169,P069,T002,nc_arcade_classic,38876,2026-06-16 14:07:54,True,False,2026-08-05 06:00:00
HS0170,P009,T002,nc_arcade_classic,17769,2026-01-10 17:39:19,True,False,2026-08-05 06:00:00
HS0171,P088,T002,nc_arcade_classic,8942,2026-06-15 12:46:43,True,False,2026-08-05 06:00:00
HS0172,P008,T002,nc_arcade_classic,12549,2026-07-24 09:34:52,True,False,2026-08-05 06:00:00
HS0173,P113,T002,nc_arcade_classic,47251,2026-07-30 20:45:26,True,False,2026-08-05 06:00:00
HS0174,P008,T002,nc_arcade_classic,39543,2026-01-04 14:28:17,True,False,2026-08-05 06:00:00
HS0175,P037,T002,nc_arcade_classic,32285,2026-07-05 12:30:15,True,False,2026-08-05 06:00:00
HS0176,P003,T002,nc_arcade_classic,64616,2026-01-02 09:21:04,True,False,2026-08-05 06:00:00
HS0177,P097,T002,nc_arcade_classic,3925,2026-07-01 19:04:05,True,False,2026-08-05 06:00:00
HS0178,P037,T002,nc_arcade_classic,54818,2026-01-15 20:57:24,True,False,2026-08-05 06:00:00
HS0179,P037,T002,nc_arcade_classic,43459,2025-12-03 07:27:01,True,False,2026-08-05 06:00:00
HS0180,P113,T002,nc_arcade_classic,28271,2026-07-28 21:33:41,True,False,2026-08-05 06:00:00
HS0181,P085,T006,cr_time_trial,15769,2026-07-14 20:42:57,True,False,2026-08-05 06:00:00
HS0182,P060,T006,cr_time_trial,30847,2026-07-18 18:39:20,True,False,2026-08-05 06:00:00
HS0183,P115,T006,cr_time_trial,49181,2026-08-03 12:24:30,True,False,2026-08-05 06:00:00
HS0184,P061,T006,cr_time_trial,64402,2026-06-25 21:13:03,True,False,2026-08-05 06:00:00
HS0185,P060,T006,cr_time_trial,64128,2026-01-19 20:06:52,True,False,2026-08-05 06:00:00
HS0186,P069,T006,cr_time_trial,85506,2026-06-07 10:57:26,True,False,2026-08-05 06:00:00
HS0187,P115,T006,cr_time_trial,41613,2026-08-05 13:37:52,False,False,2026-08-05 06:00:00
HS0188,P098,T006,cr_time_trial,22030,2026-07-29 19:15:37,True,False,2026-08-05 06:00:00
HS0189,P085,T006,cr_time_trial,72137,2026-06-12 17:25:14,True,False,2026-08-05 06:00:00
HS0190,P045,T006,cr_time_trial,47579,2025-12-19 14:26:02,True,False,2026-08-05 06:00:00
HS0191,P098,T006,cr_time_trial,59326,2026-07-01 17:59:03,True,False,2026-08-05 06:00:00
HS0192,P088,T006,cr_time_trial,47273,2026-07-16 08:55:13,False,False,2026-08-05 06:00:00
HS0193,P115,T006,cr_time_trial,16116,2026-08-04 14:42:34,True,False,2026-08-05 06:00:00
HS0194,P069,T006,cr_time_trial,64431,2026-07-04 11:23:21,True,False,2026-08-05 06:00:00
HS0195,P083,T006,cr_time_trial,7368,2026-06-27 14:38:07,True,False,2026-08-05 06:00:00
HS0196,P061,T006,cr_time_trial,54408,2026-04-06 12:26:18,True,False,2026-08-05 06:00:00
HS0197,P094,T006,cr_time_trial,46634,2026-06-09 22:49:04,False,False,2026-08-05 06:00:00
HS0198,P120,T006,cr_time_trial,24156,2026-07-07 18:19:26,True,False,2026-08-05 06:00:00
HS0199,P060,T006,cr_time_trial,75308,2026-03-06 17:22:52,True,False,2026-08-05 06:00:00
HS0200,P107,T006,cr_time_trial,50893,2026-08-03 21:04:13,True,False,2026-08-05 06:00:00
HS0201,P098,T006,cr_time_trial,77013,2026-08-02 20:31:03,False,False,2026-08-05 06:00:00
HS0202,P088,T006,cr_time_trial,78473,2026-05-08 19:00:31,False,False,2026-08-05 06:00:00
HS0203,P098,T006,cr_time_trial,17443,2026-07-26 14:58:15,True,False,2026-08-05 06:00:00
HS0204,P061,T006,cr_time_trial,64792,2026-03-29 20:05:31,True,False,2026-08-05 06:00:00
HS0205,P115,T006,cr_time_trial,3972,2026-07-30 20:50:44,True,False,2026-08-05 06:00:00
HS0206,P060,T006,cr_time_trial,13097,2026-01-30 21:22:31,True,False,2026-08-05 06:00:00
HS0207,P083,T006,cr_time_trial,59447,2026-07-09 21:15:10,True,False,2026-08-05 06:00:00
HS0208,P083,T006,cr_time_trial,73274,2026-07-23 18:49:20,True,False,2026-08-05 06:00:00
HS0209,P107,T006,cr_time_trial,58411,2026-06-27 18:59:35,True,False,2026-08-05 06:00:00
HS0210,P115,T006,cr_time_trial,66513,2026-07-28 18:41:46,False,False,2026-08-05 06:00:00
HS0211,P101,T008,bu_home_run_derby,12322,2026-08-04 09:06:00,True,False,2026-08-05 06:00:00
HS0212,P118,T008,bu_home_run_derby,51754,2026-07-21 13:03:57,True,False,2026-08-05 06:00:00
HS0213,P105,T008,bu_home_run_derby,78757,2026-06-28 12:32:59,True,False,2026-08-05 06:00:00
HS0214,P101,T008,bu_home_run_derby,6909,2026-07-04 14:03:56,False,False,2026-08-05 06:00:00
HS0215,P101,T008,bu_home_run_derby,62133,2026-07-23 22:08:37,False,False,2026-08-05 06:00:00
HS0216,P105,T008,bu_home_run_derby,86848,2026-06-21 14:12:38,True,False,2026-08-05 06:00:00
HS0217,P101,T008,bu_home_run_derby,75004,2026-06-19 17:17:15,True,False,2026-08-05 06:00:00
HS0218,P105,T008,bu_home_run_derby,49229,2026-07-18 12:13:47,True,False,2026-08-05 06:00:00
HS0219,P105,T008,bu_home_run_derby,59019,2026-07-02 20:23:08,True,False,2026-08-05 06:00:00
HS0220,P105,T008,bu_home_run_derby,88686,2026-07-23 07:57:53,True,False,2026-08-05 06:00:00
HS0221,P105,T008,bu_home_run_derby,67177,2026-07-13 21:33:38,True,False,2026-08-05 06:00:00
HS0222,P118,T008,bu_home_run_derby,53315,2026-08-02 12:16:00,True,False,2026-08-05 06:00:00
HS0223,P118,T008,bu_home_run_derby,73947,2026-08-01 16:52:43,True,False,2026-08-05 06:00:00
HS0224,P118,T008,bu_home_run_derby,14785,2026-07-30 21:30:13,True,False,2026-08-05 06:00:00
HS0225,P118,T008,bu_home_run_derby,73908,2026-08-03 17:53:19,True,False,2026-08-05 06:00:00
HS0226,P118,T008,bu_home_run_derby,19580,2026-08-03 18:19:25,False,False,2026-08-05 06:00:00
HS0227,P101,T008,bu_home_run_derby,54932,2026-06-17 17:54:24,True,False,2026-08-05 06:00:00
HS0228,P118,T008,bu_home_run_derby,49223,2026-08-02 18:26:41,True,False,2026-08-05 06:00:00
HS0229,P118,T008,bu_home_run_derby,79278,2026-07-20 20:54:50,True,False,2026-08-05 06:00:00
HS0230,P101,T008,bu_home_run_derby,28584,2026-06-06 12:01:13,True,False,2026-08-05 06:00:00
HS0231,P101,T008,bu_home_run_derby,74462,2026-07-13 14:13:13,True,False,2026-08-05 06:00:00
HS0232,P101,T008,bu_home_run_derby,88030,2026-06-14 16:32:57,True,False,2026-08-05 06:00:00
HS0233,P105,T008,bu_home_run_derby,11741,2026-07-04 18:20:24,True,False,2026-08-05 06:00:00
HS0234,P118,T008,bu_home_run_derby,12536,2026-07-21 11:16:43,True,False,2026-08-05 06:00:00
HS0235,P105,T008,bu_home_run_derby,41660,2026-07-21 12:44:23,True,False,2026-08-05 06:00:00
HS0236,P081,T004,tl_speedrun,84529,2026-07-29 10:19:53,True,False,2026-08-05 06:00:00
HS0237,P028,T004,tl_speedrun,88929,2026-02-07 19:51:02,True,False,2026-08-05 06:00:00
HS0238,P028,T004,tl_speedrun,25333,2026-04-08 18:53:21,True,False,2026-08-05 06:00:00
HS0239,P119,T004,tl_speedrun,2024,2026-08-03 18:00:28,True,False,2026-08-05 06:00:00
HS0240,P045,T004,tl_speedrun,21954,2026-05-30 17:44:52,True,False,2026-08-05 06:00:00
HS0241,P068,T004,tl_speedrun,22254,2026-03-01 20:38:22,True,False,2026-08-05 06:00:00
HS0242,P045,T004,tl_speedrun,68404,2026-08-03 18:44:28,True,False,2026-08-05 06:00:00
HS0243,P034,T004,tl_speedrun,37245,2026-01-25 02:23:30,True,False,2026-08-05 06:00:00
HS0244,P068,T004,tl_speedrun,57208,2026-02-26 19:55:55,True,False,2026-08-05 06:00:00
HS0245,P034,T004,tl_speedrun,86410,2026-03-06 16:28:17,True,False,2026-08-05 06:00:00
HS0246,P090,T004,tl_speedrun,4373,2026-07-02 16:54:09,True,False,2026-08-05 06:00:00
HS0247,P028,T004,tl_speedrun,42808,2026-01-12 15:19:12,True,False,2026-08-05 06:00:00
HS0248,P103,T004,tl_speedrun,79438,2026-07-27 17:58:27,True,False,2026-08-05 06:00:00
HS0249,P119,T004,tl_speedrun,84200,2026-07-29 17:23:31,True,False,2026-08-05 06:00:00
HS0250,P068,T004,tl_speedrun,27689,2026-02-24 11:42:07,True,False,2026-08-05 06:00:00
