sku_id,title_id,sku_name,sku_category,price_usd,is_active,first_available_date
SKU001,T005,Griddle Royale — Battle Pass S3,battle_pass,9.99,True,2025-08-01
SKU002,T005,Griddle Royale — Battle Pass S4,battle_pass,9.99,True,2026-03-18
SKU003,T005,Skillet Coins — Small,currency_pack,4.99,True,2022-04-18
SKU004,T005,Skillet Coins — Medium,currency_pack,9.99,True,2022-04-18
SKU005,T005,Skillet Coins — Large,currency_pack,19.99,True,2022-04-18
SKU006,T005,Skillet Coins — Mega,currency_pack,49.99,True,2022-04-18
SKU007,T005,Operator Skin — Chrome Chef,cosmetic,14.99,True,2025-11-15
SKU008,T005,Operator Skin — Neon Line Cook,cosmetic,12.99,True,2026-02-14
SKU009,T005,Weapon Wrap — Maple Glaze,cosmetic,7.99,True,2025-08-01
SKU010,T005,Emote Bundle — Sizzle,cosmetic,4.99,False,2025-08-01
SKU011,T007,Marmalade Siege — Season Pass,battle_pass,7.99,True,2024-02-14
SKU012,T007,Jam Jars — Small,currency_pack,2.99,True,2024-02-14
SKU013,T007,Jam Jars — Large,currency_pack,14.99,True,2024-02-14
SKU014,T007,Tower Skin — Golden Turret,cosmetic,5.99,True,2025-10-01
SKU015,T007,Campaign Chapter 6,expansion,6.99,True,2026-04-15
SKU016,T008,Batter Up! — Season 1 Pass,battle_pass,9.99,True,2026-06-18
SKU017,T008,Batter Bucks — Small,currency_pack,4.99,True,2026-05-15
SKU018,T008,Batter Bucks — Large,currency_pack,19.99,True,2026-05-15
SKU019,T008,Stadium Skin — Sunset Park,cosmetic,6.99,True,2026-06-18
SKU020,T001,Jaffle Quest — Crumbcastle DLC,expansion,14.99,True,2020-01-15
SKU021,T001,Jaffle Quest — Art & Soundtrack,cosmetic,9.99,True,2019-06-01
SKU022,T002,Neon Cabinet — Neon Nights Pack,expansion,9.99,True,2025-10-15
SKU023,T002,Neon Cabinet — Retro Skins,cosmetic,3.99,True,2021-01-01
SKU024,T004,Toastlands — Frozen Peaks Pack,expansion,12.99,True,2025-12-05
SKU025,T004,Toastlands — Golden Toast Skin,cosmetic,2.99,True,2022-01-01
SKU026,T006,Crumb Rally — Dessert Circuit,expansion,11.99,True,2025-11-28
SKU027,T006,Crumb Rally — Chrome Kart Pack,cosmetic,5.99,True,2024-01-01
SKU028,T003,Preserve — Orchard Expansion,expansion,7.99,False,2021-06-01
SKU029,T003,Preserve — Cottage Decor Pack,cosmetic,3.99,False,2021-06-01
