review_id,player_id,title_id,platform,rating,review_text_length,reviewed_at,is_recommended,playtime_at_review_hours
RV0001,P068,T005,ios,5,37,2026-06-04 06:27:31,True,70.3
RV0002,P012,T005,android,5,29,2025-12-21 18:02:33,True,4.8
RV0003,P006,T005,xbox,3,94,2026-01-31 18:48:07,False,117.4
RV0004,P111,T005,xbox,4,4,2026-07-29 02:14:57,True,105.7
RV0005,P094,T005,playstation,5,3,2026-06-09 19:03:14,True,96.4
RV0006,P078,T005,android,4,8,2026-04-08 22:09:15,True,63.4
RV0007,P079,T005,playstation,3,377,2026-06-26 20:49:28,False,22.0
RV0008,P032,T005,android,1,385,2026-04-28 20:35:21,False,34.7
RV0009,P016,T005,ios,5,17,2026-03-29 18:48:36,True,59.1
RV0010,P103,T005,android,5,26,2026-07-10 15:40:32,True,56.7
RV0011,P009,T005,steam,3,91,2026-06-14 16:21:30,False,112.6
RV0012,P067,T005,xbox,4,37,2026-06-14 14:50:18,True,19.1
RV0013,P110,T005,playstation,3,228,2026-06-29 18:14:24,False,112.1
RV0014,P083,T005,xbox,4,34,2026-06-24 06:42:17,True,61.4
RV0015,P011,T005,ios,5,33,2025-12-20 19:16:11,True,6.5
RV0016,P063,T005,ios,5,9,2026-03-06 21:38:56,True,97.3
RV0017,P040,T005,playstation,5,28,2026-01-05 18:05:42,True,12.8
RV0018,P003,T005,playstation,2,186,2026-05-02 17:05:17,False,94.8
RV0019,P024,T005,xbox,4,7,2026-02-10 23:06:43,True,72.5
RV0020,P035,T005,ios,3,235,2026-05-09 17:02:14,False,89.6
RV0021,P037,T005,android,5,9,2026-04-08 16:35:01,True,48.0
RV0022,P103,T005,steam,5,23,2026-07-23 10:23:07,True,25.4
RV0023,P018,T005,xbox,3,152,2026-04-19 20:00:26,False,33.3
RV0024,P116,T005,ios,5,0,2026-07-24 14:42:11,True,65.5
RV0025,P061,T005,playstation,4,19,2026-03-22 21:54:10,True,42.3
RV0026,P102,T005,ios,5,12,2026-08-01 15:39:28,True,42.6
RV0027,P095,T007,android,5,1,2026-07-31 03:25:17,True,13.3
RV0028,P049,T007,steam,5,10,2026-04-20 14:05:30,True,60.1
RV0029,P030,T007,steam,2,275,2026-05-08 07:26:16,False,84.1
RV0030,P055,T007,android,3,275,2026-06-04 14:42:06,False,106.2
RV0031,P045,T007,ios,1,314,2026-07-08 19:47:32,False,94.4
RV0032,P072,T007,steam,4,21,2026-03-17 11:24:16,True,104.7
RV0033,P071,T007,ios,5,2,2026-06-28 06:26:07,True,101.2
RV0034,P030,T007,ios,4,22,2026-02-06 17:23:02,True,16.7
RV0035,P114,T007,steam,4,19,2026-07-25 21:57:59,True,99.1
RV0036,P088,T007,steam,3,281,2026-07-09 16:58:14,False,103.5
RV0037,P056,T007,ios,3,220,2026-06-22 16:12:15,False,73.2
RV0038,P081,T007,steam,3,122,2026-06-04 20:58:57,False,62.6
RV0039,P105,T008,ios,3,394,2026-07-07 14:50:33,False,13.2
RV0040,P105,T008,ios,5,15,2026-07-04 21:40:23,True,116.1
RV0041,P105,T008,android,5,12,2026-07-24 02:48:14,True,84.9
RV0042,P101,T008,ios,5,5,2026-07-02 08:58:55,True,84.1
RV0043,P101,T008,ios,5,13,2026-07-31 02:41:33,True,96.3
RV0044,P118,T008,android,3,59,2026-08-02 21:24:16,False,87.4
RV0045,P101,T008,android,5,31,2026-07-13 15:18:29,True,64.3
RV0046,P105,T008,android,4,0,2026-07-24 11:04:20,True,72.8
RV0047,P101,T008,ios,5,40,2026-07-23 20:05:22,True,1.8
RV0048,P118,T008,android,3,292,2026-07-31 20:46:37,False,22.0
RV0049,P105,T008,android,2,382,2026-07-23 18:41:44,False,104.7
RV0050,P105,T008,android,3,306,2026-07-03 12:54:15,False,43.0
RV0051,P015,T001,xbox,4,38,2026-03-04 09:59:08,True,60.5
RV0052,P030,T001,xbox,5,8,2026-01-15 00:59:45,True,4.1
RV0053,P015,T001,xbox,5,25,2026-04-24 20:50:57,True,105.9
RV0054,P051,T001,steam,4,18,2026-02-21 16:18:45,True,11.2
RV0055,P070,T001,steam,4,5,2026-05-25 19:40:53,True,49.4
RV0056,P030,T001,switch,5,21,2026-06-04 10:34:35,True,69.0
RV0057,P051,T001,playstation,5,14,2026-04-07 15:20:20,True,0.9
RV0058,P051,T001,switch,4,8,2026-01-31 13:21:46,True,70.4
RV0059,P063,T001,playstation,2,195,2026-02-16 07:48:42,False,37.8
RV0060,P051,T001,steam,5,34,2026-03-15 20:10:00,True,95.3
RV0061,P113,T002,steam,3,400,2026-08-05 09:26:54,False,79.2
RV0062,P029,T002,steam,3,90,2026-01-12 16:16:45,False,105.2
RV0063,P039,T002,switch,5,20,2025-12-29 08:10:55,True,58.8
RV0064,P113,T002,switch,4,8,2026-08-05 10:09:53,True,92.4
RV0065,P008,T002,switch,3,72,2025-12-24 19:14:03,False,12.1
RV0066,P037,T002,switch,3,371,2026-07-31 10:56:57,False,21.4
RV0067,P069,T002,switch,4,17,2026-03-14 11:18:11,True,68.6
RV0068,P113,T002,switch,4,20,2026-07-25 12:42:50,True,39.7
RV0069,P090,T004,switch,5,30,2026-05-08 20:36:55,True,39.7
RV0070,P068,T004,playstation,3,383,2026-05-06 14:02:04,False,66.4
RV0071,P012,T004,playstation,4,20,2026-06-12 17:07:56,True,111.5
RV0072,P012,T004,playstation,3,144,2026-05-24 14:13:44,False,32.9
RV0073,P068,T004,playstation,4,28,2026-06-08 10:36:58,True,11.4
RV0074,P028,T004,steam,4,23,2026-07-08 11:32:43,True,47.5
RV0075,P034,T004,switch,4,17,2026-03-06 19:38:03,True,42.3
RV0076,P090,T004,switch,2,182,2026-05-09 16:26:10,False,47.6
RV0077,P085,T006,xbox,3,393,2026-05-25 19:17:54,False,40.4
RV0078,P085,T006,playstation,2,74,2026-05-06 23:01:46,False,20.9
RV0079,P107,T006,xbox,4,5,2026-08-04 16:29:05,True,91.9
RV0080,P061,T006,playstation,3,124,2026-03-30 10:42:44,False,115.3
RV0081,P069,T006,playstation,5,5,2026-03-03 21:58:34,True,81.2
RV0082,P069,T006,steam,5,5,2026-05-05 18:56:39,True,64.2
RV0083,P115,T006,steam,3,326,2026-07-26 22:42:49,False,73.9
RV0084,P060,T006,steam,3,118,2026-05-31 10:39:30,False,57.1
RV0085,P004,T003,ios,2,70,2026-02-13 18:30:37,False,66.3
RV0086,P004,T003,ios,2,145,2026-03-08 20:35:20,False,70.0
RV0087,P009,T003,ios,5,18,2026-05-06 19:29:24,True,62.8
RV0088,P009,T003,ios,4,16,2026-02-19 20:35:58,True,95.5
RV0089,P010,T003,ios,1,276,2025-10-11 16:44:19,False,116.6
RV0090,P010,T003,steam,1,321,2025-09-05 14:07:52,False,72.3
